Gene_set,Term,Overlap,P-value,Adjusted P-value,Old P-value,Old Adjusted P-value,Odds Ratio,Combined Score,Genes
GO_Biological_Process_2023,Regulation Of Angiogenesis (GO:0045765),24/205,1.8735627007319324e-11,4.653929748618121e-08,0,0,6.300617484562886,155.62899580321968,SEMA5A;RAMP2;SEMA6A;ANXA3;NPR1;GATA6;EMP2;GATA2;KLF4;DCN;AQP1;CLDN5;CDH5;IL6;RGCC;RRAS;HYAL1;ADAMTS1;ALOX5;COL4A3;TEK;CD34;HOXA5;SASH1
KEGG_2021_Human,Complement and coagulation cascades,15/85,3.692248023181844e-10,9.525999899809157e-08,0,0,10.019527235354571,217.6202784125787,C1QB;CFD;CPB2;VWF;PROS1;C5AR1;C4BPA;CLU;THBD;F8;C7;SERPING1;VSIG4;A2M;CD55
GO_Biological_Process_2023,Transforming Growth Factor Beta Receptor Signaling Pathway (GO:0007179),12/72,4.2183873645626914e-08,5.239237106786862e-05,0,0,9.289523809523809,157.74752024208493,TGFBR3;GDF10;CDH5;CLDN5;HPGD;ID1;FOS;LRRC32;SMAD6;FERMT2;TGFBR2;ENG
GO_Biological_Process_2023,Positive Regulation Of Transcription By RNA Polymerase II (GO:0045944),47/938,7.548328212129368e-08,6.250015759643116e-05,0,0,2.558977946856735,41.96558685126142,PID1;EPAS1;PLA2G1B;GATA6;TCF21;ADIRF;ARRB1;PIK3R1;LDB2;GATA2;ETS2;HEY1;PLAGL1;HYAL2;HOXA5;WWTR1;EGR1;IL33;EDN1;FOXF2;FOXF1;LMO2;LMO7;ETV1;FOS;KLF4;MEIS2;KLF2;TBX3;DCN;NR4A2;KAT2B;NR4A1;ZEB2;KLF6;BMP2;IL6;MEIS1;RGCC;NR4A3;TAL1;MAFF;TCF4;ERG;ATF3;FGFR2;ENG
GO_Biological_Process_2023,Regulation Of Nitric Oxide Biosynthetic Process (GO:0045428),9/39,1.123588828047464e-07,6.977486622174752e-05,0,0,13.856737588652482,221.72952570342667,CX3CR1;EDN1;CAV1;HBB;CD36;AGTR2;KLF4;CLU;KLF2
GO_Biological_Process_2023,Cellular Response To Transforming Growth Factor Beta Stimulus (GO:0071560),13/96,1.477643468859955e-07,7.340932753296255e-05,0,0,7.283693245535843,114.55535682611642,GDF10;HPGD;FOS;LRRC32;SMAD6;TGFBR2;TGFBR3;CDH5;CLDN5;HYAL2;ID1;FERMT2;ENG
GO_Biological_Process_2023,Positive Regulation Of Angiogenesis (GO:0045766),14/119,2.931271531442821e-07,9.10159810512996e-05,0,0,6.20829346092504,93.38924369175288,SEMA5A;RAMP2;ANXA3;GATA6;EMP2;GATA2;KLF4;AQP1;CDH5;RRAS;HYAL1;TEK;CD34;SASH1
GO_Biological_Process_2023,Negative Regulation Of Cellular Process (GO:0048523),32/537,2.519846482491185e-07,9.10159810512996e-05,0,0,3.019881188118812,45.883765750664935,KANK2;SEMA5A;HPGD;NPR1;FHL1;WFDC1;FBLN1;ADARB1;CLU;ADAMTS1;HYAL1;PODXL;ALOX5;RPS6KA2;HYAL2;SLIT2;ADAMTS8;JAM2;ANGPT1;DUSP1;WFS1;SMAD6;KAT2B;NR4A1;BMP2;IL6;RGCC;COL4A3;MMRN2;AGTR2;CRYAB;FBP1
GO_Biological_Process_2023,Regulation Of Endothelial Cell Apoptotic Process (GO:2000351),9/43,2.769742519512866e-07,9.10159810512996e-05,0,0,12.224030037546934,184.5748014556445,SEMA5A;CDH5;RAMP2;RGCC;ANGPT1;NDNF;TEK;GATA2;GAS6
GO_Biological_Process_2023,Positive Regulation Of Vasculature Development (GO:1904018),13/104,3.830269474490311e-07,9.236477305201417e-05,0,0,6.6406409819297645,98.11653627355513,SEMA5A;RAMP2;ANXA3;GATA6;EMP2;GATA2;AQP1;CDH5;RRAS;HYAL1;TEK;CD34;SASH1
GO_Biological_Process_2023,Positive Regulation Of Macromolecule Metabolic Process (GO:0010604),25/364,4.090227470097246e-07,9.236477305201417e-05,0,0,3.4841961833112274,51.25076656840098,RAMP2;PID1;RAMP3;GATA2;CLU;CDH5;LAMP3;CD36;CD34;HOXA5;EGR1;IL33;NTRK2;ANGPT1;WFS1;KLF4;KLF2;CLDN5;BMP2;IL6;TYROBP;RGCC;AGTR1;GAS6;FGFR4
GO_Biological_Process_2023,Receptor-Mediated Endocytosis (GO:0006898),14/122,3.9970219305196973e-07,9.236477305201417e-05,0,0,6.034910508594719,88.90959718370021,MSR1;RAMP2;CALCRL;RAMP3;CAV2;CAV1;SFTPD;ADRB2;MARCO;SNX1;MRC1;CD36;LDLR;FOLR1
GO_Biological_Process_2023,Positive Regulation Of DNA-templated Transcription (GO:0045893),54/1243,7.602611764255519e-07,0.00015737406352008923,0,0,2.20821819055629,31.112919429890635,CDKN1C;PID1;TCF21;ADIRF;ARRB1;LDB2;ETS2;HEY1;MECOM;HYAL2;CAPN3;HOXA5;EDN1;LMO2;LMO7;ETV1;FOS;DCN;KAT2B;ZEB2;TAL1;ERG;ATF3;ENG;MYRF;EPAS1;PLA2G1B;GATA6;PIK3R1;GATA2;PLAGL1;ZNF423;WWTR1;EGR1;IL33;FOXF2;FOXF1;ZBTB16;KLF4;MEIS2;FLI1;KLF2;TBX3;NR4A2;NR4A1;KLF6;BMP2;IL6;MEIS1;RGCC;NR4A3;MAFF;TCF4;FGFR2
GO_Biological_Process_2023,Transmembrane Receptor Protein Serine/Threonine Kinase Signaling Pathway (GO:0007178),14/130,8.736357951299251e-07,0.0001642886612494961,0,0,5.616399934004289,78.35216160405179,GDF10;HPGD;FOS;SMAD6;LRRC32;TGFBR2;TMEM100;TGFBR3;CDH5;CLDN5;BMP2;ID1;FERMT2;ENG
GO_Biological_Process_2023,Extracellular Matrix Assembly (GO:0085029),6/17,9.92081287738503e-07,0.0001642886612494961,0,0,25.040973111395648,346.1529099421593,MFAP4;RAMP2;MYH11;GAS6;FBLN5;GPM6B
GO_Biological_Process_2023,Negative Regulation Of Endothelial Cell Apoptotic Process (GO:2000352),7/26,9.636275049431695e-07,0.0001642886612494961,0,0,16.946501547987616,234.7524468142765,SEMA5A;CDH5;RAMP2;NDNF;TEK;GATA2;GAS6
GO_Biological_Process_2023,Positive Regulation Of Multicellular Organismal Process (GO:0051240),25/387,1.2618950891449113e-06,0.00017620213340265704,0,0,3.258921905330745,44.26559707736152,PTGER4;EPAS1;NPR1;PTN;ADRB2;GHR;ACADL;ZBED2;CD36;WWTR1;IL33;CADM1;ZBTB16;CAV1;TRPV2;TGFBR2;FGR;BMP2;IL6;FABP4;RGCC;FABP5;MMRN2;GAS6;FERMT2
GO_Biological_Process_2023,Positive Regulation Of Nitric Oxide Biosynthetic Process (GO:0045429),7/27,1.2768270536424425e-06,0.00017620213340265704,0,0,16.098352941176472,218.47287953831363,EDN1;HBB;CD36;AGTR2;KLF4;CLU;KLF2
GO_Biological_Process_2023,Negative Regulation Of Epithelial Cell Apoptotic Process (GO:1904036),8/38,1.230259964942965e-06,0.00017620213340265704,0,0,12.288050314465409,167.21929147768785,SEMA5A;CDH5;RAMP2;WFS1;NDNF;TEK;GATA2;GAS6
GO_Biological_Process_2023,Sprouting Angiogenesis (GO:0002040),9/52,1.5215457332792553e-06,0.0001976489034348186,0,0,9.661058881741711,129.41745615587797,SEMA5A;EFNB2;NR4A1;RAMP2;ANGPT1;SLIT2;TEK;RECK;ENG
GO_Biological_Process_2023,Positive Regulation Of Nitric Oxide Metabolic Process (GO:1904407),7/28,1.6709448358016064e-06,0.0001976489034348186,0,0,15.330980392156862,203.93456115526536,EDN1;HBB;CD36;AGTR2;KLF4;CLU;KLF2
GO_Biological_Process_2023,Regulation Of ERK1 And ERK2 Cascade (GO:0070372),19/244,1.626883987325864e-06,0.0001976489034348186,0,0,3.954985203120797,52.71538094074303,NTRK2;RAMP3;SEMA6A;ANGPT1;C5AR1;FBLN1;ARRB1;AGER;TGFBR3;MARCO;BMP2;RRAS;TIMP3;CD36;TEK;GAS6;FGFR4;FERMT2;FGFR2
GO_Biological_Process_2023,Hemopoiesis (GO:0030097),12/101,1.8613956743487735e-06,0.00021016849341283427,0,0,6.253290529695024,82.5070657858882,TGFBR3;MEIS1;SNRK;RRAS;MECOM;TAL1;ZBTB16;TEK;IL7R;CD34;FGFR2;TGFBR2
GO_Biological_Process_2023,Maintenance Of Blood-Brain Barrier (GO:0035633),7/29,2.1618767344490347e-06,0.0002247393067198602,0,0,14.63336898395722,190.88547712344035,CDH5;CLDN5;IL6;SLC1A1;PECAM1;DMD;JAM2
GO_Biological_Process_2023,Phagocytosis (GO:0006909),10/69,2.171394267824736e-06,0.0002247393067198602,0,0,7.835569122017833,102.17692676973232,SRPX;MSR1;MARCO;TYROBP;CD93;ANXA3;PECAM1;CD36;GAS6;LDLR
GO_Biological_Process_2023,Negative Regulation Of Angiogenesis (GO:0016525),11/86,2.4007285873487584e-06,0.0002284635604788788,0,0,6.790910530482977,87.87260500587577,CLDN5;SEMA6A;RGCC;NPR1;ALOX5;COL4A3;TEK;KLF4;HOXA5;DCN;KLF2
GO_Biological_Process_2023,Cellular Response To Fibroblast Growth Factor Stimulus (GO:0044344),9/55,2.483299570422596e-06,0.0002284635604788788,0,0,9.029602220166511,116.53534564786368,KL;NR4A1;ZFP36;HYAL1;FLRT3;HYAL2;NDNF;FGFR4;FGFR2
GO_Biological_Process_2023,Positive Regulation Of Cell Population Proliferation (GO:0008284),28/483,2.4568065000616367e-06,0.0002284635604788788,0,0,2.911348057882712,37.60485871570738,VIPR1;PID1;PLA2G1B;C5AR1;PTN;AQP1;EFNB2;GRK5;HYAL1;NTRK2;WWTR1;EDN1;EMP2;MEIS2;TBX3;TBX2;TGFBR2;TGFBR3;CLDN5;BMP2;IL6;MEIS1;NR4A3;GAS6;FGFR4;IL7R;FGFR2;HBEGF
GO_Biological_Process_2023,Regulation Of Cell Migration (GO:0030334),26/434,3.1192253336550754e-06,0.0002658336522160323,0,0,3.0073408673814352,38.12684460493987,SEMA5A;MACF1;FAM107A;SEMA3G;NEDD9;ADARB1;LDB2;MYLK;CDH5;DACH1;PODXL;SLIT2;SASH1;EDN1;LIMCH1;CAV1;FGR;CLDN5;BMP2;CXCL12;MMRN2;PECAM1;RECK;FERMT2;ENG;HBEGF
GO_Biological_Process_2023,Negative Regulation Of Complement Activation (GO:0045916),5/12,3.210551355266091e-06,0.0002658336522160323,0,0,32.721646035463365,413.89832164525,SERPING1;C4BPA;SVEP1;VSIG4;CD55
GO_Biological_Process_2023,Bleb Assembly (GO:0032060),4/6,3.1114145766338537e-06,0.0002658336522160323,0,0,91.42990654205607,1159.370812093119,PMP22;EMP1;EMP2;MYLK
GO_Biological_Process_2023,Regulation Of Vasculogenesis (GO:2001212),5/13,5.124641355831344e-06,0.0004056170022424912,0,0,28.629976580796253,348.75462864210203,TMEM100;HEY1;RRAS;EMP2;CD34
GO_Biological_Process_2023,Regulation Of Endothelial Cell Proliferation (GO:0001936),11/93,5.225339803445941e-06,0.0004056170022424912,0,0,6.208968194195006,75.51341360871656,SEMA5A;NR4A1;BMP2;RGCC;ANGPT1;CAV2;ALOX5;CAV1;TIE1;AKT3;TEK
GO_Biological_Process_2023,Blood Vessel Endothelial Cell Migration (GO:0043534),6/22,5.456978619051099e-06,0.0004107616633249372,0,0,17.211267605633804,208.57673072883128,EFNB2;CDH5;NR4A1;ID1;EMP2;SLIT2
GO_Biological_Process_2023,Negative Regulation Of Blood Vessel Morphogenesis (GO:2000181),10/77,6.007131378133877e-06,0.0004263346955224157,0,0,6.8971493244677085,82.9214138704812,CLDN5;SEMA6A;RGCC;NPR1;ALOX5;COL4A3;TEK;KLF4;HOXA5;DCN
GO_Biological_Process_2023,Positive Regulation Of Cellular Biosynthetic Process (GO:0031328),15/174,5.952992215110324e-06,0.0004263346955224157,0,0,4.390977783810687,52.83056106886992,EGR1;EDN1;HBB;SORBS1;KLF4;CLU;KLF2;KAT2B;IL6;ZEB2;RGCC;AGTR2;CD36;FGFR4;LDLR
GO_Biological_Process_2023,Positive Regulation Of Gene Expression (GO:0010628),27/480,6.478450205726605e-06,0.0004470130641951357,0,0,2.8130978660779986,33.608162466607105,PTGER4;RAMP2;PID1;RAMP3;PIK3R1;GATA2;CLU;CDH5;LAMP3;CD36;CD34;HOXA5;NTRK2;EGR1;IL33;CADM1;ANGPT1;KLF4;FGR;CLDN5;KAT2B;BMP2;IL6;RGCC;TYROBP;GAS6;FGFR4
GO_Biological_Process_2023,Positive Regulation Of Cell Motility (GO:2000147),17/221,6.74556216165607e-06,0.0004528642272852345,0,0,3.8883534136546185,46.29716879003608,SEMA5A;EDN1;CAV1;FAM107A;SEMA3G;NEDD9;MYLK;FGR;DUOX1;CDH5;BMP2;CXCL12;PODXL;SPOCK2;PECAM1;FERMT2;HBEGF
GO_Biological_Process_2023,Outflow Tract Septum Morphogenesis (GO:0003148),6/24,9.489817963496356e-06,0.0006203344163506565,0,0,15.29733959311424,176.9181858699124,GATA6;SMAD6;FGFR2;TBX2;TGFBR2;ENG
GO_Biological_Process_2023,Blood Vessel Diameter Maintenance (GO:0097746),7/36,1.0147812446713244e-05,0.0006463375927598897,0,0,11.097200811359029,127.59841584247258,EDNRA;EDN1;EDNRB;NPR1;AGTR1;AGTR2;KLF2
GO_Biological_Process_2023,Negative Regulation Of Transcription By RNA Polymerase II (GO:0000122),36/763,1.0453311762913926e-05,0.0006491506604769548,0,0,2.356008503188696,27.02009959931261,KANK2;GATA6;TCF21;LDB2;GATA2;ETS2;ZFP36;DACH1;EDNRB;HEY1;DNAJB4;ZBED2;IL33;CBX7;EDN1;WFS1;ZBTB16;CAV1;PTCH1;KLF4;MEIS2;KLF2;TBX3;TBX2;NR4A2;ZEB2;BMP2;NR4A3;MAFF;ID1;ID4;FOSB;ID3;FBP1;ATF3;FGFR2
GO_Biological_Process_2023,Negative Regulation Of Cell Differentiation (GO:0045596),16/207,1.1810113868785664e-05,0.000715520069513746,0,0,3.9019331453886426,44.273496254788974,GDF10;WWTR1;CAV1;PTCH1;ZBTB16;SMAD6;MEIS2;TBX3;BMP2;IL6;MEIS1;EFEMP1;HEY1;SOSTDC1;FERMT2;ABCG1
GO_Biological_Process_2023,Receptor Internalization (GO:0031623),8/51,1.253183911759528e-05,0.0007411687706692066,0,0,8.567354102676612,96.70176498153374,RAMP2;SNX1;CALCRL;RAMP3;DMBT1;CAV1;ARRB1;CD36
GO_Biological_Process_2023,Negative Regulation Of Long-Term Synaptic Potentiation (GO:1900272),4/8,1.4028004026564074e-05,0.0008103619070229108,0,0,45.71028037383178,510.7874682703831,TYROBP;FAM107A;PTN;AGER
KEGG_2021_Human,Vascular smooth muscle contraction,13/133,6.348600497417594e-06,0.0008189694641668697,0,0,5.028321400159109,60.17531083432728,EDN1;RAMP2;CALCRL;RAMP3;NPR1;PLA2G1B;MYLK;EDNRA;ADCY9;AGTR1;MYH11;MYL9;MYH10
GO_Biological_Process_2023,Transmembrane Receptor Protein Tyrosine Kinase Signaling Pathway (GO:0007169),19/284,1.4654290495927905e-05,0.000822356677423414,0,0,3.3510621773493536,37.299927145486414,KL;NTRK2;ANGPT1;CAV2;TIE1;NEDD9;PIK3R1;SORBS1;ADRB2;EFNB2;SOCS2;GHR;FGR;NR4A3;FLRT3;PDK4;TEK;FGFR4;FGFR2
GO_Biological_Process_2023,Positive Regulation Of MAPK Cascade (GO:0043410),20/310,1.4897765895351702e-05,0.000822356677423414,0,0,3.2269835955808506,35.86566150509785,NTRK2;EDN1;RAMP3;ANGPT1;CAV2;PLA2G1B;C5AR1;ARRB1;ADRB2;AGER;GHR;MARCO;BMP2;IL6;CD36;TEK;GAS6;FGFR4;FERMT2;FGFR2
GO_Biological_Process_2023,Positive Regulation Of Cellular Process (GO:0048522),30/594,1.6372961181575086e-05,0.0008841399038050546,0,0,2.5145548851487245,27.71009130792597,VIPR1;MYRF;PLA2G1B;HBB;NEDD9;PTN;EFNB2;DUOX1;ZFP36;GRK5;HYAL1;SPOCK2;NTRK2;WWTR1;EDN1;CAV1;EMP2;MEIS2;TBX3;TGFBR2;CLDN5;BMP2;IL6;MEIS1;CXCL12;TAL1;FGFR4;IL7R;FGFR2;HBEGF
GO_Biological_Process_2023,Blood Vessel Morphogenesis (GO:0048514),8/53,1.6797851887998957e-05,0.0008877843423359449,0,0,8.185744234800838,89.99619667443599,EFNB2;RAMP2;CAV1;SLC1A1;ID1;RASIP1;TGFBR2;ENG
GO_Biological_Process_2023,Regulation Of Cold-Induced Thermogenesis (GO:0120161),13/146,1.7513952204376606e-05,0.0009063470265764892,0,0,4.533798697220378,49.65648792780841,EPAS1;CAV1;LAMA4;NPR3;TRPV2;ADRB2;FABP4;ACADL;FABP5;ID1;ALDH1A1;CD36;ZNF423
KEGG_2021_Human,AGE-RAGE signaling pathway in diabetic complications,11/100,1.060464060135528e-05,0.000911999091716554,0,0,5.718567349008514,65.50172198158683,EGR1;THBD;IL6;EDN1;AKT3;COL4A3;AGTR1;COL4A5;PIK3R1;AGER;TGFBR2
GO_Biological_Process_2023,Regulation Of Endothelial Cell Migration (GO:0010594),10/88,2.001422799980788e-05,0.0010145988235004,0,0,5.921132579900353,64.06113091106222,EDN1;RRAS;ANGPT1;ANXA3;EMP2;PTN;SLIT2;TEK;DCN;SASH1
GO_Biological_Process_2023,Negative Regulation Of Signal Transduction (GO:0009968),18/267,2.2147145441316878e-05,0.0010786962603182,0,0,3.3733193644141783,36.15456884083908,KANK2;CX3CR1;PID1;SEMA6A;PTCH1;ARRB1;IRAK3;GATA2;DCN;DKK3;NR4A2;BMP2;HEY1;WIF1;MMRN2;GPC3;SOSTDC1;AGTR2
GO_Biological_Process_2023,Skeletal System Development (GO:0001501),13/149,2.176806664186855e-05,0.0010786962603182,0,0,4.433104029201179,47.5896665328498,PTGER4;GDF10;COL13A1;ZBTB16;NPR3;PRELP;ETS2;TBX3;BMP2;HYAL1;HYAL2;OGN;FGFR2
GO_Biological_Process_2023,Aorta Morphogenesis (GO:0035909),5/17,2.293999663605995e-05,0.0010958259931533,0,0,19.082747853239656,203.8539078481928,HEY1;MYLK;TBX2;TGFBR2;ENG
GO_Biological_Process_2023,Negative Regulation Of DNA-templated Transcription (GO:0045892),43/1025,2.565364913898465e-05,0.0012023332917214,0,0,2.092152314933586,22.115775429290597,CDKN1C;KANK2;GATA6;TCF21;LDB2;GATA2;ETS2;ZFP36;DACH1;EDNRB;HEY1;MECOM;DNAJB4;ZBED2;CAPN3;ZNF423;IL33;CBX7;EDN1;WFS1;ZBTB16;CAV1;PTCH1;KLF4;MEIS2;KLF2;TBX3;DKK3;TBX2;NR4A2;ZEB2;BMP2;NR4A3;MAFF;ID1;ID4;FOSB;ID3;GAS6;CRYAB;FBP1;ATF3;FGFR2
GO_Biological_Process_2023,Regulation Of Cell Population Proliferation (GO:0042127),35/766,2.716173399472734e-05,0.0012267226771436,0,0,2.2718094325774363,23.88512604275956,KANK2;VIPR1;PLA2G1B;NPR3;ADARB1;PTN;CLU;EFNB2;GRK5;ADAMTS1;RPS6KA2;ADAMTS8;NTRK2;WWTR1;EDN1;EMP2;SMAD6;MEIS2;TBX3;TGFBR2;CLDN5;KAT2B;BMP2;IL6;MEIS1;RGCC;NR4A3;COL4A3;MMRN2;AGTR1;FGFR4;IL7R;FGFR2;ENG;HBEGF
GO_Biological_Process_2023,Regulation Of Epithelial Cell Proliferation (GO:0050678),10/91,2.690556063614786e-05,0.0012267226771436,0,0,5.700953718331285,59.99214833979696,CDKN1C;TGFBR3;NR4A1;ZFP36;NR4A3;ANGPT1;HYAL1;TIE1;C5AR1;FGFR2
GO_Biological_Process_2023,Circulatory System Development (GO:0072359),12/132,2.986359350389786e-05,0.0012854723983741,0,0,4.63047619047619,48.24433144860545,CDH5;KAT2B;BMP2;RAMP2;PDLIM2;HEY1;FLRT3;FOXF1;HEG1;TCF21;TEK;TGFBR2
GO_Biological_Process_2023,Cardiac Ventricle Morphogenesis (GO:0003208),7/42,2.9330992306773737e-05,0.0012854723983741,0,0,9.192,95.93567082943149,TGFBR3;HEY1;FOXF1;TNNC1;FGFR2;TGFBR2;ENG
GO_Biological_Process_2023,Extracellular Matrix Organization (GO:0030198),14/176,3.0015056000684822e-05,0.0012854723983741,0,0,4.01210939807431,41.78135073016571,ECM2;COL13A1;DPT;NDNF;ADAMTS1;SPOCK2;COL4A3;COL4A5;SLC39A8;ADAMTS8;TPSAB1;GAS6;RECK;GPM6B
GO_Biological_Process_2023,Heart Trabecula Morphogenesis (GO:0061384),5/18,3.12012033672706e-05,0.0013136235451576,0,0,17.613943433615564,182.7456124171821,TGFBR3;HEY1;S1PR1;TEK;ENG
GO_Biological_Process_2023,Positive Regulation Of ERK1 And ERK2 Cascade (GO:0070374),14/179,3.619517229656447e-05,0.0014984801330777,0,0,3.9385529940553865,40.27794622238449,NTRK2;RAMP3;ANGPT1;C5AR1;ARRB1;AGER;MARCO;BMP2;CD36;TEK;FGFR4;GAS6;FERMT2;FGFR2
GO_Biological_Process_2023,Artery Morphogenesis (GO:0048844),6/30,3.751297670249e-05,0.0015275776086718,0,0,11.469483568075118,116.8834842778012,HPGD;FOXF1;FOLR1;TBX2;TGFBR2;ENG
GO_Biological_Process_2023,Regulation Of Protein Kinase B Signaling (GO:0051896),12/136,4.016630074819592e-05,0.0016092434041696,0,0,4.480184331797235,45.35058616812183,SEMA5A;CX3CR1;NTRK2;RAMP3;RRAS;ANGPT1;HYAL2;TEK;GAS6;FERMT2;ENG;HBEGF
GO_Biological_Process_2023,Cardiac Epithelial To Mesenchymal Transition (GO:0060317),5/19,4.159580732422752e-05,0.0016400632602123,0,0,16.354968216794916,164.9809247559325,TGFBR3;BMP2;HEY1;TBX3;ENG
GO_Biological_Process_2023,Cardiac Muscle Tissue Morphogenesis (GO:0055008),6/31,4.567402285591133e-05,0.001772723012095,0,0,11.010140845070422,110.03513675418036,TGFBR3;BMP2;TNNC1;S1PR1;FGFR2;ENG
GO_Biological_Process_2023,Positive Regulation Of Cell Differentiation (GO:0045597),18/283,4.766071968299426e-05,0.0018213727337316,0,0,3.1670221493027078,31.51631367346098,MSR1;WWTR1;ZBTB16;ADIRF;PTN;TGFBR2;TMEM100;ZFP36;BMP2;IL6;RGCC;RRAS;AGTR1;TCF4;CD36;CD34;HOXA5;FERMT2
GO_Biological_Process_2023,Regulation Of Transcription By RNA Polymerase II (GO:0006357),70/2028,5.309690405352674e-05,0.0019983743889236,0,0,1.739146383444602,17.11909948544013,PID1;TCF21;ADIRF;ARRB1;LDB2;ETS2;ZFP36;DACH1;EDNRB;HEY1;MECOM;HYAL2;HOXA5;EDN1;SFTPC;LMO2;LMO7;ETV1;FOS;DCN;KAT2B;ZEB2;TAL1;ERG;FBP1;ATF3;ENG;KANK2;CEBPD;EPAS1;PLA2G1B;GATA6;PIK3R1;GATA2;PLAGL1;DNAJB4;ZBED2;WWTR1;EGR1;IL33;CBX7;FOXF2;WFS1;FOXF1;ZBTB16;CAV1;PTCH1;KLF4;SMAD6;MEIS2;FLI1;KLF2;TBX3;TBX2;NR4A2;NR4A1;KLF6;BMP2;IL6;MEIS1;RGCC;NR4A3;MAFF;KLF9;ID1;ID4;FOSB;ID3;TCF4;FGFR2
GO_Biological_Process_2023,Response To Fibroblast Growth Factor (GO:0071774),5/20,5.448096385972423e-05,0.0020198614063814,0,0,15.263856362217018,149.8553399074425,NR4A1;ZFP36;HYAL1;HYAL2;NDNF
GO_Biological_Process_2023,Inflammatory Response (GO:0006954),16/236,5.8710320657447255e-05,0.0021446534781338,0,0,3.3825174825174824,32.95551275640466,PTGER4;AOC3;C5AR1;FOS;CXCL3;AGER;CXCL2;IL1RL1;BMP2;IL6;HYAL1;AGTR1;OLR1;AGTR2;ACKR1;CDO1
GO_Biological_Process_2023,Cellular Response To UV-B (GO:0071493),4/11,6.280487869405601e-05,0.0021667683149449,0,0,26.11615487316422,252.68627673052063,MFAP4;MME;HYAL1;HYAL2
GO_Biological_Process_2023,Negative Regulation Of Vascular Permeability (GO:0043116),4/11,6.280487869405601e-05,0.0021667683149449,0,0,26.11615487316422,252.68627673052063,CLDN5;RAMP2;SLIT2;FERMT2
GO_Biological_Process_2023,Smooth Muscle Cell Differentiation (GO:0051145),4/11,6.280487869405601e-05,0.0021667683149449,0,0,26.11615487316422,252.68627673052063,EDNRB;HEY1;TMEM204;GATA6
GO_Biological_Process_2023,Positive Regulation Of Epithelial To Mesenchymal Transition (GO:0010718),7/47,6.230987251881888e-05,0.0021667683149449,0,0,8.040941176470588,77.86357482518396,WWTR1;BMP2;IL6;RGCC;EMP2;FERMT2;TGFBR2
GO_Biological_Process_2023,Vasculogenesis (GO:0001570),6/33,6.624258136349026e-05,0.002223602325769,0,0,10.193531559728743,98.08406766123063,TGFBR3;RAMP2;CAV1;RASIP1;TGFBR2;ENG
GO_Biological_Process_2023,Endocytosis (GO:0006897),14/189,6.558105565658995e-05,0.002223602325769,0,0,3.711578947368421,35.75075866208214,MSR1;CD93;ANXA3;CAV1;SFTPD;ADRB2;MARCO;DPYSL2;MRC1;PECAM1;CD36;GAS6;LDLR;FOLR1
GO_Biological_Process_2023,Regulation Of Protein Phosphorylation (GO:0001932),17/265,6.923791341260007e-05,0.0022629865383802,0,0,3.1912164788185,30.565350052018104,WWTR1;NTRK2;PID1;ANGPT1;LIMCH1;FBLN1;ARRB1;AGER;FGR;MARCO;CDH5;BMP2;PECAM1;SLIT2;TEK;GAS6;ENG
GO_Biological_Process_2023,Cellular Response To Organic Substance (GO:0071310),9/82,6.846462026343203e-05,0.0022629865383802,0,0,5.682016904692509,54.485959220656106,GHR;SOCS2;EDN1;RAMP2;PID1;RAMP3;MME;SLC1A1;SLIT2
GO_Biological_Process_2023,Endocardial Cushion Morphogenesis (GO:0003203),5/21,7.024322641084401e-05,0.0022660282390199,0,0,14.309133489461358,136.8460660138146,BMP2;HEY1;TBX2;TGFBR2;ENG
GO_Biological_Process_2023,Heart Development (GO:0007507),13/171,9.131576072889064e-05,0.0028003499956859,0,0,3.811516268390683,35.451626173911464,RAMP2;FOXF1;HEG1;TBX3;TGFBR2;TBX2;TGFBR3;KAT2B;BMP2;PDLIM2;FLRT3;GPC3;TEK
GO_Biological_Process_2023,Negative Regulation Of Myeloid Cell Differentiation (GO:0045638),5/22,8.929815052154463e-05,0.0028003499956859,0,0,13.466730954676953,125.55746711054742,MEIS1;ZFP36;ZBTB16;MEIS2;HOXA5
GO_Biological_Process_2023,Positive Regulation Of Endothelial Cell Migration (GO:0010595),9/85,9.08685322311258e-05,0.0028003499956859,0,0,5.456886898096305,50.78231768282272,SEMA5A;EDN1;RRAS;ANGPT1;ANXA3;AKT3;TEK;GATA2;SASH1
GO_Biological_Process_2023,Regulation Of Kinase Activity (GO:0043549),9/85,9.08685322311258e-05,0.0028003499956859,0,0,5.456886898096305,50.78231768282272,CDKN1C;FGR;NTRK2;TIE1;EMP2;LDB2;TEK;FGFR4;FGFR2
GO_Biological_Process_2023,Positive Regulation Of Urine Volume (GO:0035810),3/5,9.68957998736817e-05,0.002865347224836,0,0,68.41258741258741,632.2605392174897,NPR1;HYAL2;NPR3
GO_Biological_Process_2023,Positive Regulation Of Cell Migration (GO:0030335),17/272,9.530961758801411e-05,0.002865347224836,0,0,3.1024899598393576,28.724030477252487,SEMA5A;EDN1;SEMA6A;CAV1;FAM107A;SEMA3G;NEDD9;MYLK;FGR;CDH5;BMP2;CXCL12;HYAL1;PODXL;PECAM1;FERMT2;HBEGF
GO_Biological_Process_2023,Glomerulus Vasculature Development (GO:0072012),3/5,9.68957998736817e-05,0.002865347224836,0,0,68.41258741258741,632.2605392174897,PECAM1;TEK;CD34
GO_Biological_Process_2023,Cholesterol Transport (GO:0030301),7/51,0.00010649926502492332,0.0031122844037871,0,0,7.308449197860963,66.85310702023602,MSR1;CAV1;CD36;ABCA8;CLU;LDLR;ABCG1
GO_Biological_Process_2023,Endocardial Cushion Development (GO:0003197),5/23,0.0001120897680896282,0.0032375695806353,0,0,12.71792870153526,115.68495668089952,BMP2;HEY1;FOXF1;TBX2;ENG
GO_Biological_Process_2023,Extracellular Structure Organization (GO:0043062),10/109,0.00012648811363522535,0.0036114537272402,0,0,4.660108190913878,41.82615898651427,ECM2;COL13A1;ADAMTS1;SPOCK2;COL4A3;COL4A5;SLC39A8;NDNF;ADAMTS8;RECK
GO_Biological_Process_2023,Negative Regulation Of Epithelial Cell Proliferation (GO:0050680),8/70,0.0001299507023820991,0.0036269387046869,0,0,5.936092513694462,53.1182654515766,CDKN1C;TGFBR3;RGCC;CAV2;ALOX5;CAV1;KLF9;FGFR2
GO_Biological_Process_2023,Negative Regulation Of Endothelial Cell Proliferation (GO:0001937),6/37,0.00012926130542568313,0.0036269387046869,0,0,8.876419809177646,79.47657439758076,RGCC;CAV2;ALOX5;CAV1;COL4A3;MMRN2
GO_Biological_Process_2023,Negative Regulation Of Cytokine Production (GO:0001818),13/178,0.00013685229060868067,0.0037356163722193,0,0,3.6484993129384535,32.4592695784033,PTGER4;SFTPD;ARRB1;IRAK3;KLF4;AGER;ZFP36;IL6;TYROBP;RGCC;VSIG4;GAS6;CD34
GO_Biological_Process_2023,External Encapsulating Structure Organization (GO:0045229),10/110,0.00013650473028611966,0.0037356163722193,0,0,4.613270142180094,41.05418893611129,ECM2;COL13A1;ADAMTS1;SPOCK2;COL4A3;COL4A5;SLC39A8;NDNF;ADAMTS8;RECK
GO_Biological_Process_2023,Kidney Development (GO:0001822),8/71,0.00014372942866682105,0.0038389666753589,0,0,5.84156933213537,51.68374027023529,KANK2;MME;WFS1;HYAL2;ZBTB16;AGTR1;ITGA8;TCF21
GO_Biological_Process_2023,Negative Regulation Of Apoptotic Process (GO:0043066),24/482,0.00014245112859798736,0.0038389666753589,0,0,2.454405342923196,21.737469327588556,CX3CR1;NTRK2;ANGPT1;WFS1;CAV1;GATA6;NDNF;PIK3R1;KLF4;SMAD6;CLU;TBX3;AQP1;SOCS2;NR4A2;IL6;GRK5;LAMP3;CAT;PDK4;CAPN3;TEK;GAS6;CRYAB
GO_Biological_Process_2023,Regulation Of Focal Adhesion Assembly (GO:0051893),7/54,0.0001540999129490142,0.0040721721677165,0,0,6.84090112640801,60.04881016882771,MACF1;LIMCH1;FAM107A;TEK;ARHGAP6;GPM6B;FERMT2
GO_Biological_Process_2023,Negative Regulation Of Multicellular Organismal Process (GO:0051241),15/231,0.0001601065770970589,0.0041427576823863,0,0,3.222755129229949,28.16581908419097,PTGER4;PTCH1;LAMA4;NPR3;SMAD6;AGER;SLC6A4;BMP2;RAB11FIP1;RGCC;ID1;ALDH1A1;SOSTDC1;GAS6;ZNF423
GO_Biological_Process_2023,Second-Messenger-Mediated Signaling (GO:0019932),8/72,0.00015869000133019985,0.0041427576823863,0,0,5.75,50.30420813204108,RCAN1;EDN1;EDNRB;INPP5A;AGTR1;NDNF;CD36;AGTR2
GO_Biological_Process_2023,Angiotensin-Activated Signaling Pathway (GO:0038166),3/6,0.00019068113409261857,0.0046436464420202,0,0,45.60606060606061,390.6117124222631,CA2;CAV1;AGTR1
GO_Biological_Process_2023,Heart Trabecula Formation (GO:0060347),3/6,0.00019068113409261857,0.0046436464420202,0,0,45.60606060606061,390.6117124222631,TGFBR3;HEY1;TEK
GO_Biological_Process_2023,Calcitonin Family Receptor Signaling Pathway (GO:0097646),3/6,0.00019068113409261857,0.0046436464420202,0,0,45.60606060606061,390.6117124222631,RAMP2;CALCRL;RAMP3
GO_Biological_Process_2023,Elastic Fiber Assembly (GO:0048251),3/6,0.00019068113409261857,0.0046436464420202,0,0,45.60606060606061,390.6117124222631,MFAP4;MYH11;FBLN5
GO_Biological_Process_2023,Vascular Wound Healing (GO:0061042),3/6,0.00019068113409261857,0.0046436464420202,0,0,45.60606060606061,390.6117124222631,NDNF;GATA2;CD34
GO_Biological_Process_2023,Positive Regulation Of Protein Kinase B Signaling (GO:0051897),9/93,0.0001824100617028944,0.0046436464420202,0,0,4.9351570415400206,42.48801713966781,SEMA5A;CX3CR1;RAMP3;ANGPT1;TEK;GAS6;FERMT2;ENG;HBEGF
GO_Biological_Process_2023,Cellular Response To Hormone Stimulus (GO:0032870),9/94,0.00019794026895960295,0.0047736274572393,0,0,4.8768460575719645,41.58752540739669,GHR;SOCS2;RAMP2;RAMP3;NR4A3;CAV1;LMO2;KLF9;SLIT2
GO_Biological_Process_2023,Aortic Valve Development (GO:0003176),6/40,0.0002020718506196784,0.0048264084321084,0,0,8.091963545981773,68.83742133609104,BMP2;HEY1;TIE1;SLIT2;SMAD6;TGFBR2
GO_Biological_Process_2023,Regulation Of Fat Cell Differentiation (GO:0045598),8/75,0.00021144619001518168,0.0050022127237877,0,0,5.49169248099127,46.46817566469449,WWTR1;ZFP36;BMP2;IL6;ALOX5;ZBTB16;ADIRF;FERMT2
GO_Biological_Process_2023,Positive Regulation Of Ossification (GO:0045778),6/41,0.00023244411812412908,0.0054470866926446,0,0,7.860362173038229,65.76655546325081,KL;BMP2;ALOX5;ZBTB16;PTN;GPM6B
GO_Biological_Process_2023,Renal System Development (GO:0072001),7/58,0.00024294904208038609,0.0056400506591371,0,0,6.303068050749712,52.458285031614544,MME;FOXF1;WFS1;HYAL2;AGTR1;ITGA8;TCF21
GO_Biological_Process_2023,Actomyosin Structure Organization (GO:0031032),8/77,0.0002540198975639741,0.0058424576439714,0,0,5.3319660924254855,44.13853761728912,EPB41L2;LMOD1;CAPN3;ARRB1;MYH11;SORBS1;MYL9;MYH10
KEGG_2021_Human,Pathways in cancer,26/531,9.947971869812296e-05,0.0058789299819347,0,0,2.417392576696093,22.2776185180774,PTGER4;EPAS1;LAMA4;PIK3R1;EDNRA;EDNRB;HEY1;MECOM;AKT3;EDN1;GADD45B;ZBTB16;PTCH1;FOS;GNG11;TGFBR2;BMP2;IL6;ADCY9;CXCL12;COL4A3;AGTR1;COL4A5;FGFR4;IL7R;FGFR2
KEGG_2021_Human,Relaxin signaling pathway,11/129,0.00011393275158788312,0.0058789299819347,0,0,4.306735375820282,39.10473593612176,EDN1;EDNRB;ADCY9;AKT3;COL4A3;COL4A5;ARRB1;PIK3R1;FOS;GNG11;TGFBR2
GO_Biological_Process_2023,Branching Morphogenesis Of An Epithelial Tube (GO:0048754),6/42,0.0002662964942554153,0.0060686283644995,0,0,7.641627543035994,62.89747390059118,TIE1;TCF21;SLIT2;RASIP1;TGFBR2;ENG
GO_Biological_Process_2023,Heart Morphogenesis (GO:0003007),7/59,0.000270601021190844,0.0061106630603459,0,0,6.181538461538461,50.78050437686504,TGFBR3;BMP2;HEY1;EMP2;TBX3;ENG;TBX2
GO_Biological_Process_2023,Positive Regulation Of Cardiac Muscle Tissue Growth (GO:0055023),4/16,0.0003178985505164967,0.0070505357096694,0,0,15.230529595015575,122.66330798246862,TGFBR3;EDN1;FGFR2;TBX2
GO_Biological_Process_2023,Response To UV-B (GO:0010224),4/16,0.0003178985505164967,0.0070505357096694,0,0,15.230529595015575,122.66330798246862,MFAP4;MME;HYAL1;HYAL2
GO_Biological_Process_2023,Positive Regulation Of Cardiac Epithelial To Mesenchymal Transition (GO:0062043),3/7,0.00032834125777421805,0.0072176963213376,0,0,34.2027972027972,274.356269449787,EMP2;ENG;TGFBR2
GO_Biological_Process_2023,Positive Regulation Of Epithelial Cell Proliferation (GO:0050679),10/123,0.0003407575428161301,0.0074249275118883,0,0,4.079813781822757,32.57461772585032,SEMA5A;NR4A1;BMP2;NR4A3;HYAL1;AKT3;C5AR1;PTN;TEK;FGFR2
GO_Biological_Process_2023,Fat Cell Differentiation (GO:0045444),7/62,0.0003690473672487565,0.0079714231325731,0,0,5.843465240641711,46.190170936027165,NR4A2;NR4A1;PID1;NR4A3;GATA2;KLF4;SMAD6
GO_Biological_Process_2023,Cellular Response To Glucocorticoid Stimulus (GO:0071385),4/17,0.00040865561219892416,0.0087508667301907,0,0,14.05823148813803,109.69128813757357,ZFP36;KLF9;FAM107A;AQP1
GO_Biological_Process_2023,Response To Hydrogen Peroxide (GO:0042542),6/46,0.0004421599152152457,0.0093078409270734,0,0,6.876056338028169,53.10955171235835,EDN1;IL6;CAT;HBB;CLU;AQP1
GO_Biological_Process_2023,Regulation Of Tumor Necrosis Factor Production (GO:0032680),10/127,0.00044016938015247343,0.0093078409270734,0,0,3.93952282577875,30.446014974084036,CX3CR1;IL33;ZFP36;IL6;TYROBP;IRAK3;GAS6;CLU;AGER;HLA-E
KEGG_2021_Human,Fluid shear stress and atherosclerosis,11/139,0.0002207805010777553,0.0094935615463434,0,0,3.968230403800475,33.4059189192278,CDH5;THBD;EDN1;CAV2;DUSP1;CAV1;AKT3;PECAM1;PIK3R1;FOS;KLF2
GO_Biological_Process_2023,Epithelial To Mesenchymal Transition (GO:0001837),6/47,0.000497747997666378,0.0103535148035024,0,0,6.708004122294744,51.01716615811645,TGFBR3;BMP2;HEY1;FOXF2;S100A4;TBX3
GO_Biological_Process_2023,Integrin-Mediated Signaling Pathway (GO:0007229),8/85,0.0005001697972706506,0.0103535148035024,0,0,4.776035285469248,36.300556708005466,FGR;DST;ADAMTS1;ITGA8;NEDD9;FBLN1;PTN;FERMT2
GO_Biological_Process_2023,Regulation Of Urine Volume (GO:0035809),3/8,0.0005169306455877067,0.0103552880938698,0,0,27.36083916083916,207.05593678445663,NPR1;HYAL2;NPR3
GO_Biological_Process_2023,Mesenchyme Morphogenesis (GO:0072132),4/18,0.0005165003857245504,0.0103552880938698,0,0,13.053404539385848,98.79383755335544,BMP2;HEY1;TBX2;ENG
GO_Biological_Process_2023,Vascular Associated Smooth Muscle Cell Differentiation (GO:0035886),3/8,0.0005169306455877067,0.0103552880938698,0,0,27.36083916083916,207.05593678445663,RAMP2;GATA6;ENG
GO_Biological_Process_2023,Ureteric Bud Development (GO:0001657),4/18,0.0005165003857245504,0.0103552880938698,0,0,13.053404539385848,98.79383755335544,GPC3;TCF21;SLIT2;FGFR2
GO_Biological_Process_2023,Positive Regulation Of Phosphorylation (GO:0042327),14/231,0.0005270564943442266,0.0104736666556084,0,0,2.986726346658435,22.54441621830095,NTRK2;ANGPT1;LIMCH1;TIE1;ARRB1;AGER;MARCO;BMP2;PECAM1;TEK;GAS6;FGFR4;FGFR2;ENG
GO_Biological_Process_2023,Cellular Response To Growth Factor Stimulus (GO:0071363),11/155,0.0005621747216213152,0.0110828730833916,0,0,3.5244127738189497,26.375640346659523,TMEM100;NR4A1;ZFP36;BMP2;RAMP2;SEMA6A;HYAL1;HYAL2;NDNF;KLF4;TGFBR2
GO_Biological_Process_2023,Cell-Matrix Adhesion (GO:0007160),9/109,0.000597509272556682,0.011686716795518,0,0,4.142127659574468,30.74593979260956,ECM2;COL13A1;ITGA8;EMP2;SORBS1;CD34;LYVE1;FBLN5;FERMT2
GO_Biological_Process_2023,Negative Regulation Of Cell Population Proliferation (GO:0008285),19/379,0.0006352036256966907,0.0121027694628755,0,0,2.454613935969868,18.069799892484376,CDKN1C;KANK2;GATA6;FBLN1;ADARB1;GATA2;SMAD6;TBX3;TGFBR3;KAT2B;BMP2;IL6;RGCC;ADAMTS1;RPS6KA2;COL4A3;OGN;MMRN2;ADAMTS8
GO_Biological_Process_2023,Negative Regulation Of Protein Kinase Activity (GO:0006469),8/88,0.0006316210438782805,0.0121027694628755,0,0,4.59622641509434,33.861415571959775,CDKN1C;WWTR1;PTPRB;CAMK2N1;HYAL2;CAV1;SH3BP5;ADARB1
GO_Biological_Process_2023,Response To Lipid (GO:0033993),9/110,0.0006385890402505596,0.0121027694628755,0,0,4.100905835264378,30.16728625408073,SOCS2;SLPI;GPX3;GATA6;IRAK3;CD36;SMAD6;FGFR4;ABCG1
GO_Biological_Process_2023,Atrioventricular Valve Morphogenesis (GO:0003181),4/19,0.0006431423386069129,0.0121027694628755,0,0,12.182554517133957,89.53135342572581,BMP2;HEY1;SMAD6;TGFBR2
GO_Biological_Process_2023,Negative Regulation Of Cell Motility (GO:2000146),10/133,0.0006336053161824148,0.0121027694628755,0,0,3.7461950448888377,27.58729621617513,CLDN5;DACH1;LIMCH1;MMRN2;NEDD9;FBLN1;ADARB1;SLIT2;RECK;ENG
GO_Biological_Process_2023,Negative Regulation Of Blood Vessel Endothelial Cell Migration (GO:0043537),5/33,0.0006620027567771287,0.0123640214122886,0,0,8.17162930746069,59.8182945671836,STARD13;RGCC;MMRN2;AGTR2;KLF4
GO_Biological_Process_2023,Cellular Response To Peptide Hormone Stimulus (GO:0071375),8/89,0.0006811605470894147,0.0125478543351972,0,0,4.539249941765665,33.09890566643032,NR4A2;KAT2B;NR4A1;NR4A3;PLA2G1B;CAV1;PIK3R1;SORBS1
GO_Biological_Process_2023,Regulation Of Transforming Growth Factor Beta Receptor Signaling Pathway (GO:0017015),9/111,0.0006819486051737614,0.0125478543351972,0,0,4.06049228201919,29.60324743324703,CDKN1C;BMP2;ZEB2;CAV1;LTBP4;SMAD6;FOLR1;DKK3;ENG
GO_Biological_Process_2023,Blood Circulation (GO:0008015),6/50,0.000697612812816483,0.0126486877885849,0,0,6.249679897567222,45.42171303560032,CXCL12;NPR1;COL4A3;AGTR1;OLR1;SERPING1
GO_Biological_Process_2023,Cell Chemotaxis (GO:0060326),6/50,0.000697612812816483,0.0126486877885849,0,0,6.249679897567222,45.42171303560032,SEMA5A;NR4A1;DOCK4;CXCL12;AGTR1;HBEGF
GO_Biological_Process_2023,Positive Regulation Of Signal Transduction (GO:0009967),15/266,0.0007149584171083357,0.01286925150795,0,0,2.768351056206827,20.05195893255968,MACF1;VWF;CAV2;EMP2;PIK3R1;SORBS1;KLF2;BMP2;IL6;TEK;GAS6;IL7R;LIMS2;FGFR2;SASH1
KEGG_2021_Human,Endocytosis,15/252,0.0004078842392995042,0.013154266717409,0,0,2.934007224600067,22.898539045695863,CAV2;CAV1;NEDD4L;ARRB1;HLA-E;TGFBR2;SNX1;RAB11FIP1;GRK5;RUFY2;PIP5K1B;FGFR4;LDLR;FOLR1;FGFR2
KEGG_2021_Human,Cell adhesion molecules,11/148,0.0003799218442547354,0.013154266717409,0,0,3.705827279504829,29.185409499786207,CDH5;CLDN5;NFASC;CADM1;ICAM2;ITGA8;PECAM1;CLDN18;CD34;JAM2;HLA-E
GO_Biological_Process_2023,Regulation Of Blood Circulation (GO:1903522),5/34,0.000762523905347984,0.0131615423668051,0,0,7.889445207138819,56.6373543631843,DES;FXYD1;AGTR1;AGER;TBX2
GO_Biological_Process_2023,Cellular Response To Hydrogen Peroxide (GO:0070301),5/34,0.000762523905347984,0.0131615423668051,0,0,7.889445207138819,56.6373543631843,EDN1;IL6;CAT;CLU;AQP1
GO_Biological_Process_2023,Smooth Muscle Tissue Development (GO:0048745),3/9,0.0007629879632930497,0.0131615423668051,0,0,22.7995337995338,163.66117078052136,PTCH1;ENG;MYLK
GO_Biological_Process_2023,Vasoconstriction (GO:0042310),3/9,0.0007629879632930497,0.0131615423668051,0,0,22.7995337995338,163.66117078052136,EDN1;EDNRA;EDNRB
GO_Biological_Process_2023,Positive Regulation Of Vasculogenesis (GO:2001214),3/9,0.0007629879632930497,0.0131615423668051,0,0,22.7995337995338,163.66117078052136,TMEM100;RRAS;CD34
GO_Biological_Process_2023,Response To Laminar Fluid Shear Stress (GO:0034616),3/9,0.0007629879632930497,0.0131615423668051,0,0,22.7995337995338,163.66117078052136,KLF4;SMAD6;KLF2
GO_Biological_Process_2023,Microglial Cell Activation (GO:0001774),4/20,0.0007903084911689689,0.0134460704935871,0,0,11.42056074766355,81.57806122009228,CX3CR1;TYROBP;C5AR1;CLU
GO_Biological_Process_2023,Leukotriene Metabolic Process (GO:0006691),4/20,0.0007903084911689689,0.0134460704935871,0,0,11.42056074766355,81.57806122009228,PLA2G1B;ALOX5;ALOX5AP;DPEP2
GO_Biological_Process_2023,Positive Regulation Of Cell-Substrate Adhesion (GO:0010811),7/71,0.0008452627002974646,0.0142832146091081,0,0,5.0194117647058825,35.51667044439719,ECM2;NEDD9;EMP2;NDNF;CD36;FERMT2;LIMS2
KEGG_2021_Human,Axon guidance,12/182,0.0006204397944519489,0.0152968696978434,0,0,3.260168067226891,24.07660846298548,SEMA5A;EFNB2;ABLIM1;SEMA6A;CXCL12;RRAS;DPYSL2;PTCH1;SEMA3G;PIK3R1;SLIT2;MYL9
KEGG_2021_Human,Renin secretion,7/69,0.0007114823115276031,0.0152968696978434,0,0,5.181859582542694,37.558947359896464,PTGER4;EDNRA;EDN1;NPR1;AGTR1;ADRB2;AQP1
KEGG_2021_Human,FoxO signaling pathway,10/131,0.0005625726538010781,0.0152968696978434,0,0,3.80850730484509,28.499023105049933,IL6;GADD45B;AKT3;CAT;TNFSF10;S1PR1;PIK3R1;IL7R;KLF2;TGFBR2
KEGG_2021_Human,MAPK signaling pathway,16/294,0.0007054244786849287,0.0152968696978434,0,0,2.668788046485888,19.366623143699613,NTRK2;GADD45B;ANGPT1;DUSP1;CACNA2D2;ARRB1;FOS;TGFBR2;NR4A1;RRAS;MECOM;RPS6KA2;AKT3;TEK;FGFR4;FGFR2
KEGG_2021_Human,Signaling pathways regulating pluripotency of stem cells,10/143,0.001109000210381,0.0166625481011448,0,0,3.4627445390728004,23.561540135230697,MEIS1;AKT3;ID1;ID4;ID3;PIK3R1;FGFR4;KLF4;FGFR2;TBX3
KEGG_2021_Human,PPAR signaling pathway,7/74,0.0010823173413609,0.0166625481011448,0,0,4.793924495171203,32.7360365792578,FABP4;ACADL;FABP5;OLR1;LPL;CD36;SORBS1
KEGG_2021_Human,Rheumatoid arthritis,8/93,0.0009115657818457786,0.0166625481011448,0,0,4.324750277469478,30.27475175559084,IL6;CXCL12;ANGPT1;ACP5;FOS;TEK;CXCL3;CXCL2
KEGG_2021_Human,Regulation of actin cytoskeleton,13/218,0.0009573230642106176,0.0166625481011448,0,0,2.9305431049537227,20.37128837821984,PIK3R1;MYLK;DIAPH2;CXCL12;RRAS;ITGA8;PIP5K1B;MYH11;FGFR4;MYL9;MYH10;FGFR2;ARHGEF6
KEGG_2021_Human,Transcriptional misregulation in cancer,12/192,0.0009919982904994312,0.0166625481011448,0,0,3.077460317460317,21.283066746807418,IL6;MEIS1;NR4A3;GADD45B;HPGD;ZBTB16;LMO2;TSPAN7;ETV1;ERG;FLI1;TGFBR2
KEGG_2021_Human,Regulation of lipolysis in adipocytes,6/55,0.0011625033558938,0.0166625481011448,0,0,5.610520264443806,37.9112927044016,ADCY9;FABP4;NPR1;AKT3;ADRB2;PIK3R1
GO_Biological_Process_2023,Positive Regulation Of Transmembrane Receptor Protein Serine/Threonine Kinase Signaling Pathway (GO:0090100),8/95,0.0010481473140761,0.0175918778930081,0,0,4.224896985469529,28.985882295006014,CDKN1C;GDF10;CDH5;ZEB2;BMP2;ZNF423;TGFBR2;ENG
GO_Biological_Process_2023,Negative Regulation Of Sprouting Angiogenesis (GO:1903671),3/10,0.0010725590380541,0.0177615776701768,0,0,19.541458541458542,133.6187846948968,SEMA6A;ALOX5;KLF2
GO_Biological_Process_2023,Angiogenesis Involved In Wound Healing (GO:0060055),3/10,0.0010725590380541,0.0177615776701768,0,0,19.541458541458542,133.6187846948968,NDNF;GATA2;CD34
GO_Biological_Process_2023,Positive Regulation Of Cholesterol Efflux (GO:0010875),4/22,0.0011531682103111,0.0184804505446,0,0,10.150571131879545,68.6710717601406,ABCA3;CAV1;PTCH1;ABCA8
GO_Biological_Process_2023,Cellular Response To Cytokine Stimulus (GO:0071345),16/308,0.0011521372729319,0.0184804505446,0,0,2.5389884088514227,17.179142306864282,EGR1;PID1;MME;DUSP1;AQP4;IRAK3;GHR;DUOX1;ZFP36;IL6;CXCL12;HYAL1;HYAL2;MNDA;GAS6;IL7R
GO_Biological_Process_2023,Regulation Of Ossification (GO:0030278),5/37,0.0011328075525732,0.0184804505446,0,0,7.148711943793911,48.49011464270792,BMP2;ZBTB16;S1PR1;PTN;SMAD6
GO_Biological_Process_2023,Positive Regulation Of Intracellular Signal Transduction (GO:1902533),23/525,0.0011420012693027,0.0184804505446,0,0,2.1357991018809845,14.469981368860871,SEMA5A;CX3CR1;NTRK2;RAMP3;VWF;ANGPT1;CAV2;CAV1;ADRB2;AGER;DCN;FGR;BMP2;IL6;TNFSF10;S100A4;TEK;GAS6;FERMT2;FGFR2;SASH1;ENG;HBEGF
GO_Biological_Process_2023,Aortic Valve Morphogenesis (GO:0003180),5/37,0.0011328075525732,0.0184804505446,0,0,7.148711943793911,48.49011464270792,HEY1;TIE1;SLIT2;SMAD6;TGFBR2
KEGG_2021_Human,Renin-angiotensin system,4/23,0.0013723436655277,0.0186349824055868,0,0,9.61583866207575,63.38025518978896,CPA3;MME;AGTR1;AGTR2
KEGG_2021_Human,Focal adhesion,12/201,0.0014694729785984,0.0189562014239193,0,0,2.929554043839758,19.10904587328252,VWF;CAV2;CAV1;LAMA4;AKT3;COL4A3;ITGA8;COL4A5;PIP5K1B;PIK3R1;MYL9;MYLK
GO_Biological_Process_2023,Fatty Acid Transport (GO:0015908),5/38,0.0012816083482718,0.0201488299816912,0,0,6.931729472713079,46.16281917608276,FABP4;FABP5;SLCO2A1;CD36;SLC27A3
GO_Biological_Process_2023,Positive Regulation Of Bone Mineralization (GO:0030501),5/38,0.0012816083482718,0.0201488299816912,0,0,6.931729472713079,46.16281917608276,KL;BMP2;ALOX5;PTN;GPM6B
GO_Biological_Process_2023,Positive Regulation Of Protein Modification Process (GO:0031401),13/225,0.001276055469098,0.0201488299816912,0,0,2.83275543747467,18.87743018040321,EGR1;NTRK2;ANGPT1;LIMCH1;ARRB1;AGER;MARCO;CDH5;BMP2;PECAM1;TEK;GAS6;ENG
GO_Biological_Process_2023,Regulation Of Cellular Response To Transforming Growth Factor Beta Stimulus (GO:1903844),4/23,0.0013723436655277,0.0213056354073177,0,0,9.61583866207575,63.38025518978896,LTBP4;FOLR1;DKK3;ENG
GO_Biological_Process_2023,Positive Regulation Of Endothelial Cell Proliferation (GO:0001938),7/77,0.0013686636924553,0.0213056354073177,0,0,4.5877647058823525,30.251355386035375,SEMA5A;NR4A1;BMP2;AKT3;AGTR1;TEK;GATA2
GO_Biological_Process_2023,Desensitization Of G Protein-Coupled Receptor Signaling Pathway (GO:0002029),3/11,0.001451218996893,0.0215857963370203,0,0,17.097902097902097,111.74079821112296,DMBT1;ARRB1;ADRB2
GO_Biological_Process_2023,Central Nervous System Myelination (GO:0022010),3/11,0.001451218996893,0.0215857963370203,0,0,17.097902097902097,111.74079821112296,MYRF;CLU;GPM6B
GO_Biological_Process_2023,Negative Regulation Of Nitrogen Compound Metabolic Process (GO:0051172),3/11,0.001451218996893,0.0215857963370203,0,0,17.097902097902097,111.74079821112296,EDN1;EDNRB;LDLR
GO_Biological_Process_2023,Regulation Of Protein Tyrosine Kinase Activity (GO:0061097),5/39,0.0014443578158406,0.0215857963370203,0,0,6.7275106764017085,43.998528490514,HYAL2;CAV1;SH3BP5;NEDD9;GAS6
GO_Biological_Process_2023,Cellular Response To Growth Hormone Stimulus (GO:0071378),3/11,0.001451218996893,0.0215857963370203,0,0,17.097902097902097,111.74079821112296,GHR;SOCS2;PIK3R1
GO_Biological_Process_2023,Regulation Of Muscle System Process (GO:0090257),3/11,0.001451218996893,0.0215857963370203,0,0,17.097902097902097,111.74079821112296,TNNC1;DMD;MYL9
GO_Biological_Process_2023,Negative Regulation Of Amyloid Fibril Formation (GO:1905907),3/11,0.001451218996893,0.0215857963370203,0,0,17.097902097902097,111.74079821112296,CLU;CRYAB;LDLR
GO_Biological_Process_2023,Negative Regulation Of Protein Modification Process (GO:0031400),7/78,0.0014762142600339,0.0218268822733588,0,0,4.522916321458161,29.48160967473368,PPP1R15A;WWTR1;PID1;FXYD1;FBLN1;DMD;SLIT2
GO_Biological_Process_2023,Negative Regulation Of Growth (GO:0045926),9/124,0.0014991062668723,0.0219045880406528,0,0,3.5990749306197967,23.40437459303435,NPR1;HYAL1;HYAL2;MT1M;FHL1;WFDC1;AGTR2;SLIT2;FBP1
GO_Biological_Process_2023,Enzyme-Linked Receptor Protein Signaling Pathway (GO:0007167),9/124,0.0014991062668723,0.0219045880406528,0,0,3.5990749306197967,23.40437459303435,FGR;NTRK2;NPR1;TIE1;NEDD9;PTN;TEK;FGFR4;FGFR2
GO_Biological_Process_2023,Positive Regulation Of Protein Phosphorylation (GO:0001934),18/377,0.001512593801787,0.0219724152259592,0,0,2.326389729926124,15.107410551991038,GDF10;CX3CR1;NTRK2;RAMP3;ANGPT1;LIMCH1;CAV1;ARRB1;AGER;TGFBR2;GHR;MARCO;BMP2;IL6;PECAM1;TEK;GAS6;ENG
GO_Biological_Process_2023,Regulation Of Bone Mineralization (GO:0030500),6/58,0.0015374092428417,0.0220747084347912,0,0,5.28602383531961,34.24104712684922,KL;BMP2;ALOX5;S1PR1;PTN;GPM6B
GO_Biological_Process_2023,Muscle Organ Development (GO:0007517),6/58,0.0015374092428417,0.0220747084347912,0,0,5.28602383531961,34.24104712684922,DES;FHL1;TCF21;CAPN3;DMD;HBEGF
GO_Biological_Process_2023,Negative Regulation Of Cell Growth (GO:0030308),9/125,0.0015853271095147,0.0226319111496237,0,0,3.5678650036683788,23.001899071901573,NPR1;HYAL1;HYAL2;FHL1;SEMA3G;WFDC1;AGTR2;SLIT2;FBP1
GO_Biological_Process_2023,Endothelial Cell Migration (GO:0043542),5/40,0.0016218279560627,0.0228898900162489,0,0,6.534961525593844,41.981908968115945,CDH5;NR4A1;STARD13;ID1;EMP2
GO_Biological_Process_2023,Negative Regulation Of Mitotic Cell Cycle Phase Transition (GO:1901991),5/40,0.0016218279560627,0.0228898900162489,0,0,6.534961525593844,41.981908968115945,KANK2;RGCC;FHL1;FAM107A;KLF4
KEGG_2021_Human,PI3K-Akt signaling pathway,17/354,0.0019044439904849,0.0233974547402437,0,0,2.3376139573129318,14.641797390853938,NTRK2;VWF;ANGPT1;LAMA4;PIK3R1;GNG11;GHR;NR4A1;IL6;AKT3;COL4A3;ITGA8;COL4A5;TEK;FGFR4;IL7R;FGFR2
GO_Biological_Process_2023,Negative Regulation Of Protein Serine/Threonine Kinase Activity (GO:0071901),7/80,0.0017110089186115,0.0240121251628874,0,0,4.398549556809025,28.021716816986952,BMP2;DUSP1;HYAL2;HEG1;IRAK3;PKIG;RASIP1
GO_Biological_Process_2023,Regulation Of Response To External Stimulus (GO:0032101),9/127,0.0017697020143717,0.0246962910320194,0,0,3.5070320952037504,22.22386634432327,EFNB2;FGR;CAV1;ALOX5;AGTR1;GATA6;CD36;AGER;CD55
GO_Biological_Process_2023,Sterol Transport (GO:0015918),4/25,0.0018948439628479,0.0262764916522942,0,0,8.699154428126391,54.53168286475295,MSR1;CAV1;CD36;LDLR
GO_Biological_Process_2023,Neutrophil Mediated Immunity (GO:0002446),3/12,0.0019040935979923,0.0262764916522942,0,0,15.197358197358197,95.19244002607408,IL6;ANXA3;PLA2G1B
GO_Biological_Process_2023,Negative Regulation Of MAPK Cascade (GO:0043409),8/105,0.0019958475507506,0.0272677331582392,0,0,3.787395448356351,23.545050083471956,BMP2;SEMA6A;DUSP1;CAV1;HYAL2;TIMP3;FBLN1;IRAK3
GO_Biological_Process_2023,BMP Signaling Pathway (GO:0030509),6/61,0.0019978773892107,0.0272677331582392,0,0,4.996927016645326,31.05924918665288,TMEM100;TGFBR3;GDF10;BMP2;SMAD6;ENG
GO_Biological_Process_2023,Regulation Of Myeloid Cell Differentiation (GO:0045637),4/26,0.0022015917851151,0.0297214890990548,0,0,8.303313508920986,50.80444347658225,MEIS1;ZBTB16;MEIS2;HOXA5
GO_Biological_Process_2023,Response To Glucocorticoid (GO:0051384),4/26,0.0022015917851151,0.0297214890990548,0,0,8.303313508920986,50.80444347658225,ZFP36;IL6;FAM107A;SLIT2
KEGG_2021_Human,cAMP signaling pathway,12/216,0.0026773095127113,0.0300324284469356,0,0,2.712044817927171,16.06328660393609,EDNRA;EDN1;ADCY9;RRAS;NPR1;PTCH1;AKT3;FXYD1;PIK3R1;FOS;ADRB2;MYL9
KEGG_2021_Human,Lipid and atherosclerosis,12/215,0.0025774375238005,0.0300324284469356,0,0,2.725545390570021,16.246865910555986,IL6;AKT3;TNFSF10;OLR1;PIK3R1;CD36;FOS;CXCL3;LDLR;AGER;CXCL2;ABCG1
GO_Biological_Process_2023,Positive Regulation Of Biomineral Tissue Development (GO:0070169),5/43,0.0022503933229858,0.0300483930732184,0,0,6.018119068162209,36.69036722872833,KL;BMP2;ALOX5;PTN;GPM6B
GO_Biological_Process_2023,Positive Regulation Of Cell-Matrix Adhesion (GO:0001954),5/43,0.0022503933229858,0.0300483930732184,0,0,6.018119068162209,36.69036722872833,RRAS;EMP2;CD36;TEK;FERMT2
GO_Biological_Process_2023,Regulation Of Inflammatory Response (GO:0050727),13/240,0.002262097224111,0.0300483930732184,0,0,2.6435187618937475,16.10289651833098,PTGER4;IL33;KLF4;AGER;CDH5;IL6;CAMK2N1;HYAL2;ALOX5;AGTR1;SLC39A8;TEK;DNASE1L3
GO_Biological_Process_2023,Lipid Transport (GO:0006869),8/108,0.0023832396154052,0.0314891872588645,0,0,3.6732075471698113,22.18358226159497,FABP4;FABP5;ABCA3;SLCO2A1;ABCA8;CD36;SLC27A3;LDLR
GO_Biological_Process_2023,Regulation Of Osteoblast Differentiation (GO:0045667),7/85,0.0024254243939656,0.0315141947010279,0,0,4.115535444947209,24.782720470923152,GDF10;WWTR1;IL6;PTCH1;SMAD6;FERMT2;FGFR2
GO_Biological_Process_2023,Secondary Palate Development (GO:0062009),3/13,0.0024358797836543,0.0315141947010279,0,0,13.676923076923076,82.30016357138952,TGFBR3;LRRC32;TGFBR2
GO_Biological_Process_2023,Negative Regulation Of Cell Migration Involved In Sprouting Angiogenesis (GO:0090051),3/13,0.0024358797836543,0.0315141947010279,0,0,13.676923076923076,82.30016357138952,STARD13;MMRN2;KLF4
GO_Biological_Process_2023,Positive Regulation Of Cardiac Muscle Cell Proliferation (GO:0060045),3/13,0.0024358797836543,0.0315141947010279,0,0,13.676923076923076,82.30016357138952,TGFBR3;FGFR2;TBX2
GO_Biological_Process_2023,Negative Regulation Of Macromolecule Metabolic Process (GO:0010605),11/186,0.0024580744501323,0.0316365644255371,0,0,2.895459789616559,17.39701394468281,CLDN5;MSR1;BMP2;EDN1;EDNRB;GATA2;UPK3B;KLF4;CD34;LDLR;ENG
GO_Biological_Process_2023,Positive Regulation Of Wnt Signaling Pathway (GO:0030177),8/109,0.0025246840028817,0.0322022735904306,0,0,3.636652344479731,21.75314284405217,SEMA5A;MACF1;SCEL;BMP2;ZEB2;CAV1;GPC3;FGFR2
GO_Biological_Process_2023,Positive Regulation Of Response To Wounding (GO:1903036),4/27,0.0025409201383753,0.0322022735904306,0,0,7.941893539211702,47.45463262494822,DUOX1;PTN;MYLK;HBEGF
GO_Biological_Process_2023,Ventricular Septum Morphogenesis (GO:0060412),4/27,0.0025409201383753,0.0322022735904306,0,0,7.941893539211702,47.45463262494822,TGFBR3;HEY1;SLIT2;TGFBR2
KEGG_2021_Human,Chemokine signaling pathway,11/192,0.0031393938502261,0.0332427317408986,0,0,2.798611566777339,16.1304289612484,FGR;CX3CR1;ADCY9;CXCL12;GRK5;AKT3;ARRB1;PIK3R1;CXCL3;GNG11;CXCL2
KEGG_2021_Human,Leukocyte transendothelial migration,8/114,0.0033332310844027,0.0332427317408986,0,0,3.4642221431114275,19.759275813727577,CDH5;CLDN5;CXCL12;PECAM1;CLDN18;PIK3R1;MYL9;JAM2
KEGG_2021_Human,Hypertrophic cardiomyopathy,7/90,0.0033500427335789,0.0332427317408986,0,0,3.866619418851878,22.03502182914116,EDN1;IL6;DES;TNNC1;ITGA8;CACNA2D2;DMD
GO_Biological_Process_2023,Positive Regulation Of DNA-binding Transcription Factor Activity (GO:0051091),13/246,0.0028013299678518,0.0353223535032686,0,0,2.5746463580771715,15.132898451755713,CX3CR1;EDN1;ANXA3;PLA2G1B;CAV1;IRAK3;CLU;AGER;BMP2;IL6;RGCC;CAPN3;CD36
GO_Biological_Process_2023,Negative Regulation Of Inflammatory Response (GO:0050728),8/111,0.0028272285981665,0.0354688678679075,0,0,3.565671368382488,20.92499388334384,FGR;PTGER4;CDH5;IL33;ALOX5;SLC39A8;TEK;KLF4
GO_Biological_Process_2023,Negative Regulation Of Cell Migration (GO:0030336),10/163,0.0029271522560483,0.0365379206232362,0,0,3.0070005885450546,17.542015274723436,CLDN5;DACH1;LIMCH1;HYAL2;MMRN2;NEDD9;ADARB1;SLIT2;RECK;ENG
GO_Biological_Process_2023,Cellular Response To BMP Stimulus (GO:0071773),6/66,0.002987520758609,0.0366103856974077,0,0,4.579342723004695,26.62114531687354,TMEM100;TGFBR3;GDF10;BMP2;SMAD6;ENG
GO_Biological_Process_2023,Negative Regulation Of Cold-Induced Thermogenesis (GO:0120163),5/46,0.0030398479915574,0.0366103856974077,0,0,5.576912092305935,32.32349119145374,LAMA4;NPR3;ALDH1A1;ID1;ZNF423
GO_Biological_Process_2023,Regulation Of Integrin Activation (GO:0033623),3/14,0.0030508654747839,0.0366103856974077,0,0,12.43293070565798,72.01563709645106,PTGER4;RASIP1;FERMT2
GO_Biological_Process_2023,"Blood Coagulation, Fibrin Clot Formation (GO:0072378)",3/14,0.0030508654747839,0.0366103856974077,0,0,12.43293070565798,72.01563709645106,THBD;F8;FBLN1
GO_Biological_Process_2023,Renal Water Homeostasis (GO:0003091),3/14,0.0030508654747839,0.0366103856974077,0,0,12.43293070565798,72.01563709645106,WFS1;AQP4;AQP1
GO_Biological_Process_2023,Smooth Muscle Contraction (GO:0006939),3/14,0.0030508654747839,0.0366103856974077,0,0,12.43293070565798,72.01563709645106,EDNRA;MYH11;MYLK
GO_Biological_Process_2023,Pathway-Restricted SMAD Protein Phosphorylation (GO:0060389),3/14,0.0030508654747839,0.0366103856974077,0,0,12.43293070565798,72.01563709645106,TGFBR3;BMP2;TGFBR2
GO_Biological_Process_2023,Protein Activation Cascade (GO:0072376),3/14,0.0030508654747839,0.0366103856974077,0,0,12.43293070565798,72.01563709645106,THBD;F8;FBLN1
GO_Biological_Process_2023,Regulation Of Muscle Contraction (GO:0006937),4/29,0.0033239104832687,0.0389799068915802,0,0,7.305794392523365,41.69134368689489,CNN1;CAV1;TNNC1;MYL9
GO_Biological_Process_2023,Regulation Of Signal Transduction (GO:0009966),11/193,0.0032664232801657,0.0389799068915802,0,0,2.7830910182454125,15.930579113424963,SEMA5A;SOCS2;RGS5;GRK5;TMEM204;PTCH1;KCTD12;CD36;CLU;CD55;FGFR2
GO_Biological_Process_2023,Regulation Of Interleukin-6 Production (GO:0032675),8/114,0.0033332310844027,0.0389799068915802,0,0,3.4642221431114275,19.759275813727577,IL33;IL6;TYROBP;HYAL2;ARRB1;IRAK3;GAS6;AGER
GO_Biological_Process_2023,Regulation Of Wound Healing (GO:0061041),5/47,0.0033424799387707,0.0389799068915802,0,0,5.443849671015947,31.03561698184574,DUOX1;ALOX5;CAV1;MYLK;HBEGF
GO_Biological_Process_2023,Bicellular Tight Junction Assembly (GO:0070830),5/47,0.0033424799387707,0.0389799068915802,0,0,5.443849671015947,31.03561698184574,CDH5;CLDN5;RAMP2;PECAM1;CLDN18
GO_Biological_Process_2023,Regulation Of Interleukin-2 Production (GO:0032663),5/47,0.0033424799387707,0.0389799068915802,0,0,5.443849671015947,31.03561698184574,ZFP36;SFTPD;VSIG4;CD34;SPTBN1
KEGG_2021_Human,TGF-beta signaling pathway,7/94,0.0042658534475695,0.0403585719229281,0,0,3.688086544962813,20.12630507801719,BMP2;ID1;ID4;ID3;SMAD6;DCN;TGFBR2
KEGG_2021_Human,Malaria,5/50,0.0043800000536511,0.0403585719229281,0,0,5.080145719489982,27.588780594898505,IL6;PECAM1;HBB;CD36;ACKR1
KEGG_2021_Human,Ras signaling pathway,12/232,0.0047508089037094,0.0422658171433464,0,0,2.5127272727272727,13.441684736444577,NTRK2;RRAS;ANGPT1;PLA2G1B;AKT3;PIK3R1;TEK;RAPGEF5;FGFR4;GNG11;ETS2;FGFR2
GO_Biological_Process_2023,Myelination (GO:0042552),5/48,0.0036661849606896,0.0423572253132696,0,0,5.316976199553401,29.82081226780096,NFASC;MYRF;PLLP;PMP22;GPM6B
GO_Biological_Process_2023,Positive Regulation Of Reactive Oxygen Species Metabolic Process (GO:2000379),5/48,0.0036661849606896,0.0423572253132696,0,0,5.316976199553401,29.82081226780096,PID1;TYROBP;AGTR1;CD36;TGFBR2
GO_Biological_Process_2023,Regulation Of Amyloid Fibril Formation (GO:1905906),3/15,0.0037529486405936,0.0425756630012281,0,0,11.396270396270396,63.6506026266193,CLU;CRYAB;LDLR
GO_Biological_Process_2023,Digestive Tract Morphogenesis (GO:0048546),3/15,0.0037529486405936,0.0425756630012281,0,0,11.396270396270396,63.6506026266193,FOXF1;TCF21;FGFR2
GO_Biological_Process_2023,Vasodilation (GO:0042311),3/15,0.0037529486405936,0.0425756630012281,0,0,11.396270396270396,63.6506026266193,ADRB2;AGTR2;KLF2
GO_Biological_Process_2023,Regulation Of Cell Migration Involved In Sprouting Angiogenesis (GO:0090049),4/30,0.0037707914091264,0.0425756630012281,0,0,7.024442846872754,39.1996952198498,STARD13;MMRN2;GATA2;KLF4
GO_Biological_Process_2023,Regulation Of Macrophage Derived Foam Cell Differentiation (GO:0010743),4/30,0.0037707914091264,0.0425756630012281,0,0,7.024442846872754,39.1996952198498,MSR1;AGTR1;CD36;ABCG1
GO_Biological_Process_2023,Brain Development (GO:0007420),10/169,0.0037900953702366,0.0425999859713474,0,0,2.8926346537899787,16.12749139318733,CX3CR1;MEIS1;NFASC;RTN1;PTCH1;AGTR2;EML1;MEIS2;SLC6A4;TGFBR2
GO_Biological_Process_2023,Positive Regulation Of Cholesterol Transport (GO:0032376),4/31,0.0042566842275668,0.0435961723810177,0,0,6.763932156455521,36.926096542674,ABCA3;CAV1;PTCH1;ABCA8
GO_Biological_Process_2023,Muscle Contraction (GO:0006936),7/94,0.0042658534475695,0.0435961723810177,0,0,3.688086544962813,20.12630507801719,EDNRA;DES;FXYD1;LMOD1;MYH11;CRYAB;MYLK
GO_Biological_Process_2023,Negative Regulation Of Cellular Response To Growth Factor Stimulus (GO:0090288),6/71,0.0043042687170784,0.0435961723810177,0,0,4.226002166847238,23.02388535390926,MMRN2;SOSTDC1;AGTR2;SLIT2;SMAD6;CHRDL1
GO_Biological_Process_2023,Negative Regulation Of Supramolecular Fiber Organization (GO:1902904),6/71,0.0043042687170784,0.0435961723810177,0,0,4.226002166847238,23.02388535390926,CDH5;SLIT2;CLU;CRYAB;LDLR;KANK3
GO_Biological_Process_2023,Positive Regulation Of Extrinsic Apoptotic Signaling Pathway (GO:2001238),4/31,0.0042566842275668,0.0435961723810177,0,0,6.763932156455521,36.926096542674,HYAL2;CAV1;TNFSF10;AGTR2
GO_Biological_Process_2023,Organic Substance Transport (GO:0071702),11/201,0.0044380340481267,0.0435961723810177,0,0,2.6648081010126266,14.43671455932531,RAMP2;RAMP3;CALCRL;ABCA3;CAV1;SLCO2A1;AQP4;ABCA8;CLU;AQP1;SLC6A4
GO_Biological_Process_2023,Amylin Receptor Signaling Pathway (GO:0097647),2/5,0.0044579834849749,0.0435961723810177,0,0,30.33333333333333,164.1961153744115,RAMP2;RAMP3
GO_Biological_Process_2023,Cell Junction Disassembly (GO:0150146),2/5,0.0044579834849749,0.0435961723810177,0,0,30.33333333333333,164.1961153744115,C1QB;CX3CR1
GO_Biological_Process_2023,Regulation Of Renal Sodium Excretion (GO:0035813),2/5,0.0044579834849749,0.0435961723810177,0,0,30.33333333333333,164.1961153744115,NPR1;AGTR1
GO_Biological_Process_2023,Regulation Of Type B Pancreatic Cell Proliferation (GO:0061469),2/5,0.0044579834849749,0.0435961723810177,0,0,30.33333333333333,164.1961153744115,NR4A1;NR4A3
GO_Biological_Process_2023,Cholesterol Import (GO:0070508),2/5,0.0044579834849749,0.0435961723810177,0,0,30.33333333333333,164.1961153744115,CD36;LDLR
GO_Biological_Process_2023,Response To Heparin (GO:0071503),2/5,0.0044579834849749,0.0435961723810177,0,0,30.33333333333333,164.1961153744115,EGR1;SLIT2
GO_Biological_Process_2023,Regulation Of Epithelial Cell Migration (GO:0010632),5/50,0.0043800000536511,0.0435961723810177,0,0,5.080145719489982,27.588780594898505,MACF1;HYAL1;EMP2;PTN;SASH1
GO_Biological_Process_2023,Regulation Of Cell Growth (GO:0001558),12/227,0.003998280922013,0.0435961723810177,0,0,2.571827242524917,14.201349137573148,SOCS2;HYAL1;NPR1;HYAL2;FHL1;AGTR1;FAM107A;LTBP4;WFDC1;AGTR2;SLIT2;FBP1
GO_Biological_Process_2023,Actin Filament Polymerization (GO:0030041),4/31,0.0042566842275668,0.0435961723810177,0,0,6.763932156455521,36.926096542674,DIAPH2;FAM107A;ARHGAP6;WASF3
GO_Biological_Process_2023,Negative Regulation Of Chemotaxis (GO:0050922),4/31,0.0042566842275668,0.0435961723810177,0,0,6.763932156455521,36.926096542674,SEMA5A;SEMA6A;SEMA3G;SLIT2
GO_Biological_Process_2023,Regulation Of Transmembrane Receptor Protein Serine/Threonine Kinase Signaling Pathway (GO:0090092),4/31,0.0042566842275668,0.0435961723810177,0,0,6.763932156455521,36.926096542674,LTBP4;FOLR1;DKK3;ENG
GO_Biological_Process_2023,Regulation Of Response To Biotic Stimulus (GO:0002831),4/31,0.0042566842275668,0.0435961723810177,0,0,6.763932156455521,36.926096542674,FGR;GATA6;CD36;CD55
GO_Biological_Process_2023,Negative Regulation Of Amyloid-Beta Formation (GO:1902430),3/16,0.0045456556548645,0.0435961723810177,0,0,10.519096288327058,56.73562210611447,NTRK2;RTN1;CLU
GO_Biological_Process_2023,Mesonephric Tubule Development (GO:0072164),3/16,0.0045456556548645,0.0435961723810177,0,0,10.519096288327058,56.73562210611447,TCF21;SLIT2;FGFR2
GO_Biological_Process_2023,Vasculature Development (GO:0001944),3/16,0.0045456556548645,0.0435961723810177,0,0,10.519096288327058,56.73562210611447,CDH5;FOXF1;TCF21
GO_Biological_Process_2023,Regulation Of Steroid Biosynthetic Process (GO:0050810),3/16,0.0045456556548645,0.0435961723810177,0,0,10.519096288327058,56.73562210611447,EGR1;BMP2;FGFR4
GO_Biological_Process_2023,Regulation Of Osteoblast Proliferation (GO:0033688),3/16,0.0045456556548645,0.0435961723810177,0,0,10.519096288327058,56.73562210611447,BMP2;NPR3;FGFR2
GO_Biological_Process_2023,Regulation Of Fatty Acid Oxidation (GO:0046320),3/16,0.0045456556548645,0.0435961723810177,0,0,10.519096288327058,56.73562210611447,NR4A3;ACADL;PDK4
GO_Biological_Process_2023,Positive Regulation Of Epithelial Cell Migration (GO:0010634),7/95,0.0045218079921105,0.0435961723810177,0,0,3.645989304812834,19.68412517393648,EDN1;RRAS;ANGPT1;HYAL1;ANXA3;TEK;SASH1
GO_Biological_Process_2023,Positive Regulation Of Establishment Of Endothelial Barrier (GO:1903142),2/5,0.0044579834849749,0.0435961723810177,0,0,30.33333333333333,164.1961153744115,CDH5;CLDN5
GO_Biological_Process_2023,Positive Regulation Of Endothelial Cell Development (GO:1901552),2/5,0.0044579834849749,0.0435961723810177,0,0,30.33333333333333,164.1961153744115,CDH5;CLDN5
GO_Biological_Process_2023,Plasma Membrane Raft Organization (GO:0044857),2/5,0.0044579834849749,0.0435961723810177,0,0,30.33333333333333,164.1961153744115,COLEC12;EMP2
GO_Biological_Process_2023,Plasma Membrane Raft Assembly (GO:0044854),2/5,0.0044579834849749,0.0435961723810177,0,0,30.33333333333333,164.1961153744115,CAV2;EMP2
GO_Biological_Process_2023,Negative Regulation Of Monocyte Chemotaxis (GO:0090027),2/5,0.0044579834849749,0.0435961723810177,0,0,30.33333333333333,164.1961153744115,DUSP1;SLIT2
GO_Biological_Process_2023,Negative Regulation Of Cellular Extravasation (GO:0002692),2/5,0.0044579834849749,0.0435961723810177,0,0,30.33333333333333,164.1961153744115,PTGER4;CXCL12
GO_Biological_Process_2023,Epithelial Tube Formation (GO:0072175),2/5,0.0044579834849749,0.0435961723810177,0,0,30.33333333333333,164.1961153744115,PODXL;FGFR2
GO_Biological_Process_2023,Response To Peptidoglycan (GO:0032494),2/5,0.0044579834849749,0.0435961723810177,0,0,30.33333333333333,164.1961153744115,IL6;IRAK3
GO_Biological_Process_2023,Endothelin Receptor Signaling Pathway (GO:0086100),2/5,0.0044579834849749,0.0435961723810177,0,0,30.33333333333333,164.1961153744115,EDN1;EDNRB
GO_Biological_Process_2023,Positive Regulation Of Lymphocyte Migration (GO:2000403),3/16,0.0045456556548645,0.0435961723810177,0,0,10.519096288327058,56.73562210611447,CXCL12;NEDD9;JAM2
GO_Biological_Process_2023,Antibacterial Humoral Response (GO:0019731),5/49,0.0040117603273132,0.0435961723810177,0,0,5.195869704066426,28.673537636048145,DMBT1;SLPI;PLA2G1B;SFTPD;HLA-E
GO_Biological_Process_2023,Negative Regulation Of Programmed Cell Death (GO:0043069),17/381,0.0040381978728809,0.0435961723810177,0,0,2.161180987687012,11.91233614947254,KANK2;ANGPT1;WFS1;GATA6;PIK3R1;SMAD6;TBX3;AQP1;SOCS2;IL6;MECOM;GRK5;CAT;CAPN3;TEK;GAS6;CRYAB
GO_Biological_Process_2023,Regulation Of Long-Term Synaptic Potentiation (GO:1900271),4/31,0.0042566842275668,0.0435961723810177,0,0,6.763932156455521,36.926096542674,TYROBP;FAM107A;PTN;AGER
GO_Biological_Process_2023,Negative Regulation Of Cell Adhesion (GO:0007162),6/72,0.0046120029271759,0.0440623664273269,0,0,4.161758429364063,22.38648580941361,SEMA5A;SEMA6A;ANGPT1;DUSP1;PODXL;FBLN1
GO_Biological_Process_2023,Regulation Of Cholesterol Efflux (GO:0010874),4/32,0.0047831071883116,0.0447230617137239,0,0,6.522029372496662,34.8450174330373,ABCA3;CAV1;PTCH1;ABCA8
GO_Biological_Process_2023,Positive Regulation Of Protein Localization To Cell Periphery (GO:1904377),5/51,0.0047716937875553,0.0447230617137239,0,0,4.969453212503819,26.561995499881533,RAMP3;EPB41L2;PIK3R1;SORBS1;SPTBN1
GO_Biological_Process_2023,Regulation Of Protein Metabolic Process (GO:0051246),7/96,0.0047891845474438,0.0447230617137239,0,0,3.604838070059485,19.2548644854274,EDN1;EDNRB;WFS1;AGTR1;KLF4;LDLR;KLF2
GO_Biological_Process_2023,Muscle Cell Development (GO:0055001),4/32,0.0047831071883116,0.0447230617137239,0,0,6.522029372496662,34.8450174330373,RAMP2;DMD;MYH11;ENG
GO_Biological_Process_2023,Negative Regulation Of G1/S Transition Of Mitotic Cell Cycle (GO:2000134),4/32,0.0047831071883116,0.0447230617137239,0,0,6.522029372496662,34.8450174330373,KANK2;FHL1;FAM107A;KLF4
GO_Biological_Process_2023,Negative Regulation Of Fat Cell Differentiation (GO:0045599),4/32,0.0047831071883116,0.0447230617137239,0,0,6.522029372496662,34.8450174330373,WWTR1;BMP2;IL6;FERMT2
KEGG_2021_Human,Aldosterone synthesis and secretion,7/98,0.0053594585194137,0.0460913432669579,0,0,3.5252488687782804,18.43314677658374,NR4A2;NR4A1;ADCY9;NPR1;AGTR1;LDLR;KCNK3
GO_Biological_Process_2023,Regulation Of MAPK Cascade (GO:0043408),11/204,0.0049550385241966,0.0460985606520768,0,0,2.6229800745818617,13.921074181249134,TGFBR3;NTRK2;BMP2;IL6;RRAS;DUSP1;CAV2;CAV1;ADRB2;TEK;FGFR2
GO_Biological_Process_2023,Negative Regulation Of Protein Phosphorylation (GO:0001933),9/149,0.0051555420049936,0.0473455540039507,0,0,2.95258358662614,15.553274440437743,WWTR1;PID1;CAMK2N1;CAV1;FBLN1;DMD;SLIT2;SMAD6;ENG
GO_Biological_Process_2023,Cartilage Development (GO:0051216),5/52,0.0051876257276487,0.0473455540039507,0,0,4.863471024963875,25.58905142883133,BMP2;HYAL1;HYAL2;ZBTB16;OGN
GO_Biological_Process_2023,Gland Development (GO:0048732),6/74,0.0052756324569835,0.0473455540039507,0,0,4.03893951946976,21.182851251055848,TGFBR3;CAV1;TCF21;TBX3;FGFR2;DKK3
GO_Biological_Process_2023,Positive Regulation Of Ion Transmembrane Transporter Activity (GO:0032414),4/33,0.0053515371950564,0.0473455540039507,0,0,6.296809539155656,32.93465273368506,EDNRA;EDN1;DMD;ADRB2
GO_Biological_Process_2023,Ventricular Cardiac Muscle Tissue Morphogenesis (GO:0055010),4/33,0.0053515371950564,0.0473455540039507,0,0,6.296809539155656,32.93465273368506,TGFBR3;TNNC1;FGFR2;ENG
GO_Biological_Process_2023,Growth Hormone Receptor Signaling Pathway (GO:0060396),3/17,0.0054321589738832,0.0473455540039507,0,0,9.767232767232768,50.940207669159264,GHR;SOCS2;PIK3R1
GO_Biological_Process_2023,Cell Migration Involved In Sprouting Angiogenesis (GO:0002042),3/17,0.0054321589738832,0.0473455540039507,0,0,9.767232767232768,50.940207669159264,EFNB2;NR4A1;SLIT2
GO_Biological_Process_2023,Embryonic Axis Specification (GO:0000578),3/17,0.0054321589738832,0.0473455540039507,0,0,9.767232767232768,50.940207669159264,PTCH1;SMAD6;TBX3
GO_Biological_Process_2023,Muscle Tissue Morphogenesis (GO:0060415),3/17,0.0054321589738832,0.0473455540039507,0,0,9.767232767232768,50.940207669159264,TGFBR3;BMP2;MYLK
GO_Biological_Process_2023,Positive Regulation Of Macrophage Derived Foam Cell Differentiation (GO:0010744),3/17,0.0054321589738832,0.0473455540039507,0,0,9.767232767232768,50.940207669159264,MSR1;AGTR1;CD36
GO_Biological_Process_2023,Positive Regulation Of Alpha-Beta T Cell Proliferation (GO:0046641),3/17,0.0054321589738832,0.0473455540039507,0,0,9.767232767232768,50.940207669159264,CD55;HLA-E;TGFBR2
GO_Biological_Process_2023,Regulation Of Leukocyte Chemotaxis (GO:0002688),3/17,0.0054321589738832,0.0473455540039507,0,0,9.767232767232768,50.940207669159264,IL6;PTN;SLIT2
GO_Biological_Process_2023,Positive Regulation Of Protein-Containing Complex Assembly (GO:0031334),7/98,0.0053594585194137,0.0473455540039507,0,0,3.5252488687782804,18.43314677658374,CDH5;TPPP3;TAL1;CD36;CLU;FERMT2;RASIP1
GO_Biological_Process_2023,Positive Regulation Of Nitrogen Compound Metabolic Process (GO:0051173),4/33,0.0053515371950564,0.0473455540039507,0,0,6.296809539155656,32.93465273368506,WFS1;AGTR1;KLF4;KLF2
GO_Biological_Process_2023,Positive Regulation Of Cold-Induced Thermogenesis (GO:0120162),7/98,0.0053594585194137,0.0473455540039507,0,0,3.5252488687782804,18.43314677658374,FABP4;FABP5;EPAS1;CAV1;TRPV2;ADRB2;CD36
GO_Biological_Process_2023,Regulation Of Amyloid-Beta Formation (GO:1902003),4/33,0.0053515371950564,0.0473455540039507,0,0,6.296809539155656,32.93465273368506,NTRK2;RTN1;CLU;ABCG1
GO_Biological_Process_2023,Negative Regulation Of Response To Stimulus (GO:0048585),5/52,0.0051876257276487,0.0473455540039507,0,0,4.863471024963875,25.58905142883133,WFS1;ALOX5;SLIT2;KLF4;CLU
GO_Biological_Process_2023,Regulation Of Sprouting Angiogenesis (GO:1903670),4/33,0.0053515371950564,0.0473455540039507,0,0,6.296809539155656,32.93465273368506,SEMA6A;ALOX5;KLF4;KLF2
GO_Biological_Process_2023,Neuron Projection Guidance (GO:0097485),8/124,0.005540928929696,0.0481247114033742,0,0,3.163955757970072,16.4386267536619,SEMA5A;EFNB2;NFASC;SEMA6A;CXCL12;FEZ1;SEMA3G;SLIT2
GO_Biological_Process_2023,Regulation Of BMP Signaling Pathway (GO:0030510),6/75,0.005632473909238,0.0482450523811974,0,0,3.9802000408246574,20.61427799378609,CDH5;SOSTDC1;ZNF423;SMAD6;CHRDL1;ENG
GO_Biological_Process_2023,Tight Junction Assembly (GO:0120192),5/53,0.0056285735731109,0.0482450523811974,0,0,4.761904761904762,24.6661868129718,CDH5;CLDN5;RAMP2;PECAM1;CLDN18
GO_Biological_Process_2023,Negative Regulation Of Metabolic Process (GO:0009892),5/53,0.0056285735731109,0.0482450523811974,0,0,4.761904761904762,24.6661868129718,LAMA4;ALDH1A1;NPR3;ID1;ZNF423
GO_Biological_Process_2023,Regulation Of Stress Fiber Assembly (GO:0051492),6/75,0.005632473909238,0.0482450523811974,0,0,3.9802000408246574,20.61427799378609,PTGER4;RGCC;LIMCH1;PIK3R1;ARHGAP6;FERMT2
