probe,log2FC,pvalue,padj
209074_s_at,-3.371798570657635,6.641899270453032e-44,1.4800144144350492e-39
204396_s_at,-2.388071786272697,2.0091240230500282e-41,2.238465530281189e-37
204677_at,-2.6195733631481337,1.317135715132552e-40,9.78324504676622e-37
208982_at,-1.8139137417705857,3.3573249884317965e-39,1.870281817930643e-35
213103_at,-1.219819767119283,5.221336663607791e-39,2.326940897503448e-35
208981_at,-1.6889024966713624,7.219182424916712e-39,2.681084032906985e-35
210081_at,-4.417469530992963,4.769095360383472e-38,1.5181393130774987e-34
219719_at,-1.3639731366108379,1.714931822319002e-37,3.9720157870040105e-34
209875_s_at,4.364415124273047,1.7825318794614777e-37,3.9720157870040105e-34
202112_at,-2.2584735086171666,1.464679368226465e-37,3.9720157870040105e-34
203980_at,-3.838541312839549,2.2545751787017213e-37,4.5671544279100406e-34
204719_at,-2.9599096880675573,2.9250718273110082e-37,5.271066109093503e-34
205200_at,-3.411853498058411,3.251662255152302e-37,5.271066109093503e-34
209555_s_at,-2.416983732648136,3.3117141106363166e-37,5.271066109093503e-34
219597_s_at,-2.176523477041168,4.030997395495631e-37,5.98818099758861e-34
32625_at,-1.1821510035161857,4.7604188815376995e-37,6.629775871081535e-34
204931_at,-2.5300979095573553,5.754045240117105e-37,7.54219941679585e-34
206481_s_at,-2.2117825543406067,1.9934306480352486e-36,2.4677563961205246e-33
219213_at,-1.559132430157633,4.984260243148851e-36,5.8454879472676766e-33
201540_at,-2.5550411671062623,5.7629097077945316e-36,6.420745850939278e-33
204273_at,-3.161260277644266,7.653145527899266e-36,7.890178227637824e-33
204482_at,-1.8882777294458126,7.789970875018271e-36,7.890178227637824e-33
215454_x_at,-3.989821568715339,1.6597017716637177e-35,1.607962372955766e-32
200878_at,-2.087425408263549,1.8592689987377468e-35,1.726253795786384e-32
219064_at,-1.1389693224757211,2.3354768618396995e-35,2.081657236494961e-32
206488_s_at,-2.567115354173822,2.8572742721746874e-35,2.4487939464180214e-32
213451_x_at,-1.6941137495809286,1.1656170758562385e-34,9.480246724489066e-32
206068_s_at,-1.7377278017568605,1.1912530103024452e-34,9.480246724489066e-32
204731_at,-2.4222016803198443,1.8361110820505832e-34,1.4108297669425222e-31
206742_at,-2.554901556087967,2.9880602635349723e-34,2.219431561744993e-31
216333_x_at,-1.6522229086242088,8.03461465507128e-34,5.775332850288816e-31
204894_s_at,-1.8686365056263199,1.153405258191679e-33,8.03166542758912e-31
202524_s_at,-2.0318916224264587,1.223246363991609e-33,8.25987840267425e-31
205952_at,-2.049443264255453,1.372985171070159e-33,8.998302519693044e-31
221747_at,-1.7774550292487685,1.7201736096730133e-33,1.0951608155526787e-30
202878_s_at,-1.7485399584845176,1.869492342858279e-33,1.1571638298864175e-30
206702_at,-2.466454783251584,2.170075918547461e-33,1.2725210971840283e-30
203065_s_at,-2.677740737001761,3.492355204280744e-33,1.9455037754246954e-30
204271_s_at,-2.2274919115763563,3.7201143581791536e-33,2.0158153368381844e-30
209167_at,-2.1736567865052763,6.815807545685168e-33,3.532014873034944e-30
217897_at,-1.4626558855858551,7.137713100885103e-33,3.614765023341426e-30
213236_at,-1.4903901294064035,7.31039850608603e-33,3.619946886913667e-30
209170_s_at,-2.2245382252790282,1.0417911686011887e-32,5.046572306508758e-30
203865_s_at,-1.899192517811401,1.919150690257063e-32,9.098815921488964e-30
200911_s_at,-1.4980590676523544,2.8589482218106807e-32,1.3001212903389263e-29
209897_s_at,-1.966872745534129,2.809235803270631e-32,1.3001212903389263e-29
214135_at,-3.446411652246658,3.9157948589679173e-32,1.7451131368476418e-29
211922_s_at,-1.421926884042577,7.83743735782327e-32,3.3861662694260724e-29
220027_s_at,-1.594804444784307,7.902017053814826e-32,3.3861662694260724e-29
217046_s_at,-3.03768888583216,8.803913158880178e-32,3.5705299804071415e-29
204468_s_at,-1.9310316297269523,8.812958260664758e-32,3.5705299804071415e-29
218820_at,-1.5140257634447565,8.514911946488229e-32,3.5705299804071415e-29
218723_s_at,-2.243364731923995,9.847113633621102e-32,3.9182720196067677e-29
202759_s_at,-1.7144353844546103,1.1531873622622403e-31,4.508153332156053e-29
201432_at,-1.3735273417093588,1.2918567327640963e-31,4.879058233251247e-29
206167_s_at,-1.9401847245570014,1.45641346708112e-31,5.408876881161433e-29
41644_at,-1.1465153667656605,1.7307131700372059e-31,6.322210093104764e-29
214505_s_at,-1.8890748620686155,1.8427335179791803e-31,6.622843706633883e-29
201577_at,1.747713402391625,1.9451342646352674e-31,6.879909018867883e-29
206093_x_at,-1.4117506290154846,2.3697532343124932e-31,8.250814268778951e-29
205935_at,-2.2280578829806483,3.1914453558746757e-31,1.09407656715316e-28
219440_at,-1.4706096847237875,5.6611031354326405e-31,1.9113085025279627e-28
213317_at,-3.083551368493665,7.132203308816755e-31,2.372043079557668e-28
209894_at,-2.5943401467536944,9.552348653339607e-31,3.130220368270095e-28
203571_s_at,-2.7054627631871924,1.214073834595491e-30,3.9207546748248303e-28
205357_s_at,-1.6991026559412372,1.4300258576980152e-30,4.552180883869268e-28
204975_at,-2.027159870738215,1.4868433813080116e-30,4.666384657138933e-28
208609_s_at,-1.791036758932794,1.8617022423271226e-30,5.761709870246566e-28
203562_at,-1.452499885992962,2.044221481599911e-30,6.239916064998742e-28
202747_s_at,-1.2776218479950714,3.6861567365741764e-30,1.0807714547510838e-27
204579_at,-1.449258993783955,3.788248194470781e-30,1.0962796690570444e-27
200700_s_at,1.4222702120133697,4.1127122170405045e-30,1.1749175170809431e-27
201348_at,-2.1108822698740344,4.3591528504903695e-30,1.2295569995883152e-27
209614_at,-1.5515013876449686,4.7328429867790774e-30,1.3182742534299773e-27
213974_at,-1.9936949073581989,5.354217631022158e-30,1.4729386601489722e-27
202877_s_at,-1.1802628651030957,6.1169676573040696e-30,1.6622486622891047e-27
219452_at,-1.217437612331457,7.549549402844106e-30,2.021319867249024e-27
214091_s_at,-2.166803309845884,7.619749084455326e-30,2.021319867249024e-27
209493_at,-2.2598435994320907,7.803514382829154e-30,2.0457142469715535e-27
209904_at,-2.8979773258715706,9.038928413823307e-30,2.3420283935491247e-27
212097_at,-2.420303753893739,1.1542455808637766e-29,2.9563280779755787e-27
212071_s_at,-1.3150874258325125,1.2680683003570418e-29,3.2109506746427225e-27
210299_s_at,-2.6841751256569317,1.600990404584213e-29,4.0084122680168566e-27
208983_s_at,-1.4989536367621383,1.7492266169264115e-29,4.3308907449968034e-27
218346_s_at,-1.1953861888170305,1.8378332284742852e-29,4.500267893416758e-27
206069_s_at,-1.5130448292839551,2.1928005405953797e-29,5.253997252267402e-27
221748_s_at,-1.6581775377195633,2.1837353975477938e-29,5.253997252267402e-27
213247_at,-1.1923093771755813,3.132616170413862e-29,7.425966609077882e-27
205779_at,-1.7688540321826185,3.243060996332696e-29,7.606855598029629e-27
209283_at,-1.2641937588194923,3.4271600645222475e-29,7.954938303932213e-27
205632_s_at,-1.7637718684444046,3.647197072186499e-29,8.378401274178532e-27
206701_x_at,-2.2989317984461657,3.9045574835982226e-29,8.878087184389714e-27
203323_at,-2.4641038047723427,4.4650597874506557e-29,1.0049992650885148e-26
207547_s_at,-1.8963863676389874,5.0365492118034587e-29,1.1002884910452596e-26
219436_s_at,-1.8038501896002819,5.01310515710104e-29,1.1002884910452596e-26
219371_s_at,-1.924356528588671,7.921281046900401e-29,1.6972106304623235e-26
217871_s_at,1.3664339713061207,8.504387591315354e-29,1.8047930352121908e-26
213069_at,-1.5196784038557336,9.992422037888238e-29,2.1005767950024867e-26
209470_s_at,-2.8358372182952136,1.0786326234873865e-28,2.246277640109293e-26
210298_x_at,-2.363602406517595,1.2752133135142809e-28,2.606933785783369e-26
206953_s_at,-1.9229773468219573,1.6305503394925618e-28,3.303050292264796e-26
209612_s_at,-3.346904757887051,1.9913722679713612e-28,3.997634977225751e-26
221133_s_at,-2.266075842610838,2.333059062900968e-28,4.641745990948417e-26
213900_at,-1.3100129418465878,2.5264792904974377e-28,4.9820830115180896e-26
213541_s_at,-1.7058869898476416,3.055856065359168e-28,5.973126377578802e-26
49452_at,-1.0517359574275167,3.0996160595862377e-28,6.005977796153055e-26
40560_at,-1.541679248837088,3.2139664645135024e-28,6.173863338685721e-26
205384_at,-1.4880772323522171,3.5194149754078566e-28,6.702831102308826e-26
209763_at,-2.001509178506333,3.7152064722255007e-28,7.015758120389901e-26
219866_at,-2.3428237097688234,3.911420444296587e-28,7.263181813355071e-26
205382_s_at,-2.158523232560169,4.321464372614325e-28,7.91074674552469e-26
215918_s_at,-1.169840410747713,4.331154256401796e-28,7.91074674552469e-26
207761_s_at,-1.685171774663969,4.389487827817897e-28,7.95211034693221e-26
213169_at,-1.4260515794261073,5.36092315770831e-28,9.633665380904376e-26
204570_at,-1.4460386301759334,5.658997103303095e-28,1.0087954596232229e-25
203549_s_at,-2.3892575675598184,6.2018085161521855e-28,1.0967849140112633e-25
219230_at,-3.570312733105558,6.452535533856312e-28,1.132140545676537e-25
212713_at,-2.111399293852216,7.116637584920402e-28,1.238906525818604e-25
212636_at,-1.9030699204595347,8.134516942595534e-28,1.405127449859351e-25
217437_s_at,-1.433460017857496,9.464702461039211e-28,1.6223228072256672e-25
204642_at,-1.2774482228821276,1.0571517861737412e-27,1.7982071184205706e-25
205726_at,-1.0070375450735387,1.1585906808827e-27,1.9417372512058975e-25
206499_s_at,1.0104408617980303,1.1589599892760596e-27,1.9417372512058975e-25
205866_at,-3.503098881885995,1.2041542829495346e-27,1.9875681397751468e-25
220677_s_at,-1.5815384264408845,1.2723313621094719e-27,2.084658804550394e-25
202746_at,-1.8354181160573546,1.3058182941766633e-27,2.1239086897181448e-25
211726_s_at,-2.468074564039407,1.454141890976005e-27,2.3480176635230666e-25
203887_s_at,-1.881739089167839,1.5688516636690414e-27,2.515015943995486e-25
203088_at,-1.5189396822142882,1.6977534055960996e-27,2.702217081206992e-25
206209_s_at,-2.5535084962142856,1.8348760905685134e-27,2.8997548883785945e-25
219315_s_at,-1.5645909540323686,1.9266224670226356e-27,3.0233048192017876e-25
201809_s_at,-1.3757525064074603,2.077244357095873e-27,3.21439138952551e-25
219165_at,-1.479070482542225,2.1403105782233338e-27,3.289140732037969e-25
209529_at,1.8724534422389176,2.37126853085694e-27,3.6191079913072055e-25
219167_at,-1.273340086547151,2.6835301230795353e-27,4.067830049835462e-25
213316_at,-1.8764116398011952,3.0880304987818585e-27,4.6493637570510915e-25
204955_at,-1.8661850572156933,3.960770505888021e-27,5.883856612180185e-25
220170_at,-1.1938571445545394,4.074860435773677e-27,6.013252654989725e-25
212730_at,-1.1898990022399714,4.5534285053956564e-27,6.675266275377067e-25
208634_s_at,-1.2933110057470074,5.266196492363202e-27,7.619912755800599e-25
205846_at,-1.4761858986178753,5.619531297850531e-27,8.078710703871186e-25
205003_at,-1.8519336042142855,6.38319324050734e-27,9.117736857578528e-25
209841_s_at,-1.459536241655524,6.668290015015904e-27,9.404399139531608e-25
222217_s_at,-1.1241647135619264,6.820338844491071e-27,9.55834028124494e-25
201539_s_at,-2.401341999756861,7.536862979084634e-27,1.043129923993434e-24
220994_s_at,-1.4054842845686144,8.696049155041895e-27,1.1887979344895616e-24
221132_at,-2.139265887686137,1.0351395934118727e-26,1.3979403369695005e-24
201013_s_at,1.669104096214637,1.0799806183283677e-26,1.4497113324223505e-24
203548_s_at,-2.3712007506080237,1.1108869137374229e-26,1.4822690478329936e-24
209543_s_at,-1.049817300787474,1.1659874512793159e-26,1.546529665289107e-24
217771_at,1.8314141314584802,1.2667264512690853e-26,1.670205059978049e-24
204072_s_at,-1.9456722770964117,1.6251096473851502e-26,2.1301363689813708e-24
209539_at,-1.0307588044306843,1.8063949843414845e-26,2.3402267114000754e-24
219091_s_at,-1.1713037333712188,2.153466009827664e-26,2.773738907340453e-24
212975_at,-1.048977142887404,2.281612247800926e-26,2.905567371470985e-24
212353_at,2.360079499373329,2.2818933267846445e-26,2.905567371470985e-24
213844_at,-1.402457056028851,2.653678980126724e-26,3.359768676941124e-24
209613_s_at,-3.6784672654092194,2.9733231150157727e-26,3.743195422141043e-24
217525_at,-1.132374587019,3.775001814223675e-26,4.725750866648661e-24
205608_s_at,-1.442517278043633,4.493062469039739e-26,5.5314315468294195e-24
218656_s_at,-1.6410456023881057,4.466689196381884e-26,5.5314315468294195e-24
206283_s_at,-1.2927306884806455,4.486715858177823e-26,5.5314315468294195e-24
218717_s_at,-1.3974986504859244,4.748437544464724e-26,5.799299630458655e-24
204249_s_at,-1.5537385250401128,4.8561467947725136e-26,5.8809521210823866e-24
209481_at,-1.2180683252962705,5.511370178648005e-26,6.638370902206135e-24
219093_at,-1.5358384528645308,6.07080819733761e-26,7.272893497917955e-24
201231_s_at,1.0759111847536964,6.315776379795311e-26,7.525906153528283e-24
221841_s_at,-2.2198551445151278,6.367438836399289e-26,7.547108488908795e-24
213620_s_at,-1.53223027366397,6.845761708816498e-26,8.071116833733228e-24
210762_s_at,-2.2454019590520744,8.145593251809107e-26,9.553066022634861e-24
217809_at,1.1276273624444055,8.550163083776999e-26,9.975041046900673e-24
212680_x_at,1.227559645270583,9.292272410444719e-26,1.0673180727935036e-23
206208_at,-2.0092843798740336,1.0416689319790484e-25,1.1903337851943146e-23
212354_at,2.1182963355348328,1.1286393591654692e-25,1.2831362673614361e-23
213453_x_at,1.028411241790991,1.2217039922185957e-25,1.381889850690709e-23
202468_s_at,-1.4279139031280792,1.308402719221383e-25,1.4724817066873776e-23
211986_at,-1.351626924534484,1.5098428794364483e-25,1.6821914441241187e-23
202908_at,-1.252047168921532,1.5695290121984e-25,1.7399907949660173e-23
203006_at,-1.1049084328201975,1.8859181229246326e-25,2.070143523799487e-23
201292_at,2.4559629390102025,1.9516868408644497e-25,2.1318351899501242e-23
205206_at,-2.0550092384521452,2.3503215592053016e-25,2.5300587103271367e-23
202200_s_at,1.0204497539623505,2.3910920292587327e-25,2.5615722926909778e-23
208789_at,-1.2956365370844463,2.4342516639885177e-25,2.5953315707490976e-23
220765_s_at,-1.6278048224327941,2.758886409155382e-25,2.9135671021426247e-23
219563_at,-1.301834457085505,3.028935298496145e-25,3.1836681724712074e-23
208944_at,-1.430807130483112,3.077529611873173e-25,3.204513660811679e-23
218418_s_at,-1.2206030149264624,3.0636157121729725e-25,3.204513660811679e-23
210002_at,-1.8365408195200583,3.3091758711200708e-25,3.4138132377855804e-23
217232_x_at,-2.7111302280218155,3.3994340588850604e-25,3.490764476227456e-23
212327_at,-1.739323750363475,3.4408584237401306e-25,3.517093956706483e-23
200795_at,-1.5333987423022535,3.6844883925273514e-25,3.748924879026802e-23
203744_at,2.2161972544373683,3.8471053788645345e-25,3.878961500327531e-23
219777_at,-1.9101632446608026,4.280346938004695e-25,4.296350036917055e-23
212822_at,-1.269172298412034,4.912526994765746e-25,4.9087820190298266e-23
209292_at,-1.9098704717695298,6.065413415613258e-25,6.006915872893789e-23
204712_at,-3.6867095054025327,6.252315543204417e-25,6.164617134921418e-23
206170_at,-1.559688879913793,6.5116278047214965e-25,6.392008915092912e-23
215059_at,-1.6574084797202673,8.846418083200106e-25,8.645821673155613e-23
202242_at,-1.8047090436678381,8.905562875530671e-25,8.665618233862443e-23
1598_g_at,-1.0145673989679818,9.879371638492095e-25,9.571392966109538e-23
205883_at,-2.2585291583163274,1.030413473039597e-24,9.939698450104475e-23
219059_s_at,-1.2306568017952166,1.040381076057147e-24,9.992591171457503e-23
201497_x_at,-1.5759944085601703,1.104839468808712e-24,1.0566153598053447e-22
202177_at,-1.418898367423294,1.1098653447375479e-24,1.056885875076358e-22
212328_at,-1.8618856525703755,1.4645744707280897e-24,1.3887282098397458e-22
221667_s_at,-1.4341753819521461,1.5711972349399213e-24,1.4835164400917909e-22
205471_s_at,-1.4428715135457422,1.6977418183404625e-24,1.5895286108437197e-22
205609_at,-1.5290245212111184,1.7479080750248368e-24,1.6296500266016083e-22
205498_at,-1.4553795173589004,1.8535275714509297e-24,1.7209231197767112e-22
204069_at,-1.083149405092188,2.3354611496818193e-24,2.1593809459900407e-22
219282_s_at,-1.0433827294489806,2.4060609845236504e-24,2.215465161906632e-22
200762_at,-1.5380612511161154,2.5271238702854912e-24,2.317362189365086e-22
209458_x_at,-2.84799874507776,2.7030833720278608e-24,2.4685576548728205e-22
204364_s_at,-1.0483980005309634,2.75157407146624e-24,2.5025846952849887e-22
43511_s_at,-1.007370310628783,2.8783689365705167e-24,2.607264024943123e-22
216905_s_at,1.1235574175675582,3.814002789009661e-24,3.426912264012188e-22
209210_s_at,-1.2747245339581301,3.9993009318730975e-24,3.5789727977882826e-22
219478_at,-1.287297295514076,4.1065825302325435e-24,3.6556571403435447e-22
202910_s_at,-1.1719399350045734,4.2011972287173004e-24,3.7148919780756986e-22
212230_at,-1.2577113723902187,4.693361874674304e-24,4.133683108828755e-22
210096_at,-3.709796398905346,5.0646579609026094e-24,4.425716601678151e-22
209035_at,1.8202872279722024,5.0520555907725165e-24,4.425716601678151e-22
202760_s_at,-2.0182154001270245,5.2479443175952474e-24,4.567966532381832e-22
212914_at,-1.2299555470070374,5.6714813887554076e-24,4.917417112281586e-22
209840_s_at,-1.755538046881421,5.776909722379773e-24,4.989413928053817e-22
217177_s_at,-1.0774286044929626,6.101943840280055e-24,5.249792069226273e-22
214414_x_at,-2.751072821606261,6.152013106072526e-24,5.272511847792849e-22
204220_at,-1.2310454665154822,6.491673808346853e-24,5.542297604267928e-22
202796_at,-1.0301871068244193,6.740453574647114e-24,5.710932585698161e-22
204018_x_at,-2.6515130033268814,6.728890920214117e-24,5.710932585698161e-22
220003_at,-1.1718248103976068,7.222034462380406e-24,6.095780072925099e-22
AFFX-HUMGAPDH/M33197_M_at,1.0849026603976117,8.23000039596946e-24,6.894327023435619e-22
211696_x_at,-2.5769893716460253,8.374862144465073e-24,6.989402740266487e-22
205982_x_at,-3.9951199501375783,8.40908088557851e-24,6.991774230348729e-22
203835_at,-1.1420089508423654,8.456791162846337e-24,7.005303995602414e-22
201719_s_at,-1.0922737702216754,9.369795275534233e-24,7.704322809030602e-22
202722_s_at,1.3410438688701607,9.567436044373995e-24,7.837910932970063e-22
217414_x_at,-2.812923328221677,1.1000408789248017e-23,8.978831833363134e-22
206637_at,-1.4921765255084436,1.191137070608833e-23,9.651675397955137e-22
210619_s_at,-1.3357279032090066,1.2367994898371357e-23,9.949315174021983e-22
211699_x_at,-2.7530677778972557,1.236259177415696e-23,9.949315174021983e-22
205407_at,-1.4266341084781828,1.4241655278200634e-23,1.1293480589471342e-21
205941_s_at,1.951116687305067,1.43600445984715e-23,1.1346981339990794e-21
211745_x_at,-2.8244686386520073,1.6444804278975e-23,1.2948394832098939e-21
209116_x_at,-3.0160210294978906,1.7540319229705378e-23,1.3762356809701582e-21
212372_at,-1.406824357139687,1.7708381801433293e-23,1.3845469181801335e-21
209469_at,-2.327308329338493,2.2850848767275144e-23,1.768005080143028e-21
204811_s_at,-2.095113993149191,2.4143932884046423e-23,1.848794695722359e-21
204797_s_at,-1.2070373092044333,2.4133937654211175e-23,1.848794695722359e-21
212448_at,-1.4564908379282198,2.3980489082683468e-23,1.848794695722359e-21
214387_x_at,-4.047179179318087,2.6118411305244687e-23,1.986336379231288e-21
211663_x_at,-1.2427853043089385,2.6860619078863983e-23,2.035833928348048e-21
200671_s_at,-1.2792379170798736,2.9130414700557914e-23,2.192949428285581e-21
214199_at,-2.716626497387402,3.314775366180877e-23,2.4869743934211612e-21
211735_x_at,-4.0020347033244175,3.472322799346461e-23,2.5964351992562813e-21
218546_at,-1.3038969963525684,3.874986465029877e-23,2.887836903018754e-21
203888_at,-1.2675171050277942,4.617080678312902e-23,3.429413625161547e-21
221204_s_at,-1.2059715414123842,5.194633811568593e-23,3.820198852250262e-21
202994_s_at,-1.3624050380700208,5.241178089008722e-23,3.841749057808597e-21
212187_x_at,-1.673427356629487,6.191993451561938e-23,4.5238095108575306e-21
207358_x_at,-1.1521538750045757,6.914948692504787e-23,5.002785769970265e-21
210944_s_at,-1.1803781986857853,7.503676124472664e-23,5.393690809084656e-21
210068_s_at,-2.2656309617174513,7.785755648308327e-23,5.578456370136799e-21
211048_s_at,1.1727924690158353,7.879643426981594e-23,5.6276312334432965e-21
221276_s_at,-1.1718750869380719,7.977039682789822e-23,5.678989624651936e-21
213364_s_at,-1.1311959950246306,8.477657730584943e-23,6.0161671086186076e-21
218469_at,2.548362735743842,8.974832893811913e-23,6.328677258633255e-21
204115_at,-1.7134996879366655,9.521553153550032e-23,6.693021101594806e-21
201417_at,1.3518135132783247,1.0581763524668334e-22,7.391643781197006e-21
209267_s_at,-1.9626415486576345,1.0563543785961837e-22,7.391643781197006e-21
218711_s_at,-2.2591125681185797,1.1213729132130346e-22,7.80861019535189e-21
213417_at,-1.6480013949370154,1.134120994649436e-22,7.86809050560521e-21
205569_at,-2.225596649834621,1.1369766830340966e-22,7.86809050560521e-21
201061_s_at,-1.0603312786773404,1.2369356759542488e-22,8.50698693434831e-21
219682_s_at,-1.5572290759845178,1.3644272128757758e-22,9.354932795234127e-21
203083_at,2.0864912222255434,1.4362871803625686e-22,9.81741939877887e-21
201923_at,1.2599612379218872,1.5244517394870365e-22,1.0388182908559521e-20
219529_at,-2.0325929938676977,1.557846037450756e-22,1.055121071505021e-20
203476_at,1.2906120891315975,1.5672072394641241e-22,1.0582448156660327e-20
206159_at,-1.147620646530262,1.6358841665963806e-22,1.1007250153701441e-20
205433_at,-1.6519785674229421,1.6399977790373283e-22,1.1007250153701441e-20
218775_s_at,-1.4140074710161876,1.8812259645945652e-22,1.2562880507805001e-20
202551_s_at,-1.4755052371294877,1.8830507963949516e-22,1.2562880507805001e-20
212226_s_at,-1.2937545993212538,1.907608613218555e-22,1.268872917264151e-20
204754_at,-1.0482078738729772,2.065979867743468e-22,1.3660602193747092e-20
205405_at,-1.1499236626027445,2.1487535807495993e-22,1.4165880485160747e-20
201811_x_at,-1.015699175026393,2.1982463441694193e-22,1.444941689885757e-20
211748_x_at,-1.6466997496959905,2.2319137987581495e-22,1.459493843649149e-20
218087_s_at,-1.7147903097255455,2.362271028602792e-22,1.539136997963626e-20
212239_at,-1.1180303003469385,2.4224410778872575e-22,1.5691643761209814e-20
204343_at,-2.0960637168620693,2.417317837740886e-22,1.5691643761209814e-20
201291_s_at,2.4220769066474332,2.439778542567695e-22,1.5758140656242303e-20
206658_at,-2.7063124879591847,2.7592914090703874e-22,1.7770315164253017e-20
213715_s_at,-1.089514671573891,2.948661202069684e-22,1.8935163563607715e-20
212344_at,1.5503999613128068,2.977522054295043e-22,1.9065552855131163e-20
204519_s_at,-1.3292609830084459,2.9920528698659736e-22,1.9103700314963753e-20
205656_at,-1.4214257810397601,3.185793792040963e-22,2.0282583733728222e-20
220244_at,-1.1686362356168187,3.285044213972617e-22,2.085488325354753e-20
207961_x_at,-1.1902239979437024,3.9060962497558305e-22,2.4518181051636384e-20
214761_at,-1.1207176185052763,4.1700198218522885e-22,2.6101278564700717e-20
217546_at,-2.5505701211766363,4.35656378576235e-22,2.7192524044297605e-20
204017_at,1.386071520200213,4.827466222875475e-22,2.988067495675951e-20
218736_s_at,-1.2949087473296972,5.891836766415633e-22,3.626734769780098e-20
211762_s_at,1.3542629587628454,6.55981109812607e-22,4.0157217225149233e-20
205978_at,-1.2199496986062623,7.061960186325668e-22,4.299498875188385e-20
203799_at,-1.5372717807677674,7.5635824764267155e-22,4.579872508755883e-20
209710_at,-1.3531033895964129,8.166890625499512e-22,4.9184546975136656e-20
209220_at,-1.9216964782934545,8.363000689724087e-22,5.009482375514028e-20
206651_s_at,-2.139653671284309,9.196435313505154e-22,5.479255831305758e-20
205554_s_at,-1.3049662782350442,1.0150298519769323e-21,5.999445674164983e-20
202503_s_at,1.684844158459887,1.114465570063365e-21,6.552410632644318e-20
209821_at,-1.7133341832498248,1.1205469440762455e-21,6.553582035393958e-20
219010_at,1.357212106183674,1.1442355835733996e-21,6.65718055059166e-20
204368_at,-1.546276136333569,1.2068196636200745e-21,7.003011084491178e-20
212254_s_at,-1.342060475974316,1.3618835514279437e-21,7.861878543126649e-20
213478_at,-1.2196900681579859,1.3838375671404251e-21,7.967972224441885e-20
204154_at,-1.3151277502237857,1.5847552320570996e-21,9.101314648435141e-20
209355_s_at,-1.4105303137248413,1.5889822348929102e-21,9.102131398488102e-20
202732_at,-1.0749443963708654,1.6396939935861155e-21,9.368538784379336e-20
206074_s_at,1.278782938865941,1.6534195939167443e-21,9.422800207480003e-20
219888_at,1.2576122391460238,1.6646213876475478e-21,9.462438362487324e-20
205326_at,-1.897755082733637,1.855539113221521e-21,1.0414855934487445e-19
204846_at,2.2840914653958473,2.009766260497583e-21,1.1252166226800915e-19
214433_s_at,-1.7829645615464447,2.596087260757196e-21,1.435449439986417e-19
200904_at,-1.3268428418226605,2.7680876174142654e-21,1.5267647618525267e-19
205819_at,-2.3441732719852224,2.781765948284392e-21,1.5305207561881755e-19
201014_s_at,1.7743489139595354,2.8408244563154636e-21,1.5591648118245682e-19
209064_x_at,1.207712627008446,2.946038235505926e-21,1.6089845588671214e-19
213438_at,-1.003021198796623,3.409418482836617e-21,1.848468906400203e-19
212647_at,-1.038198871718505,3.436267864091124e-21,1.8540037969865014e-19
215016_x_at,-1.2929160160024633,3.430131136219154e-21,1.8540037969865014e-19
203766_s_at,-1.2555000405570027,3.5896457674127756e-21,1.9320791457791998e-19
212450_at,-1.3237280096801536,3.661089663071381e-21,1.9657846014992673e-19
209186_at,1.044004220843771,3.80550338772411e-21,2.0384142304965465e-19
201810_s_at,-1.1892679422941583,4.0835537844356226e-21,2.182106210517481e-19
206311_s_at,-2.0079381825629854,4.432569250942874e-21,2.3629411631282314e-19
218468_s_at,2.44145754003765,4.625640363584667e-21,2.4541224814704075e-19
214696_at,-1.5379045641154105,5.374475390485355e-21,2.8245149793911593e-19
209683_at,-1.177670370648487,5.948859243541718e-21,3.119021894678591e-19
205261_at,-2.2622416874813513,6.201152702692939e-21,3.2436686777959333e-19
AFFX-HUMGAPDH/M33197_5_at,1.2704796608831774,6.358290551485643e-21,3.3180746688232925e-19
201416_at,1.3685686385256872,6.401377758587701e-21,3.3327546867899474e-19
217755_at,1.388321273187545,6.721051210347059e-21,3.4910299328709444e-19
217757_at,-1.3580732278888092,7.621527573481147e-21,3.913145136402774e-19
37892_at,3.061522042334624,8.101580076218778e-21,4.1310642754778723e-19
218856_at,1.3229158952603832,8.366936052537534e-21,4.256630960244152e-19
211998_at,-1.2388665501407452,8.446560552918817e-21,4.2873509977378134e-19
210906_x_at,-1.8506148379634064,9.301975119717741e-21,4.700134049720417e-19
217294_s_at,1.5683407445643915,9.885990016104388e-21,4.972675294105058e-19
201578_at,-1.1546661939437026,1.1183264650779332e-20,5.587369646038472e-19
218574_s_at,-1.1717760081206912,1.1414781651273144e-20,5.6902814213718e-19
212609_s_at,-1.0530305101481359,1.317597260947914e-20,6.53897990327447e-19
209291_at,-1.7577755191755813,1.4397099586720474e-20,7.129123779797607e-19
202620_s_at,1.7378327606569313,1.6035861918216946e-20,7.905467060257262e-19
218876_at,-1.6684622220914838,1.975473113706643e-20,9.590297906911794e-19
215380_s_at,1.12689672108832,2.216946085535542e-20,1.0669591711444598e-18
218313_s_at,1.4814073455256853,2.2557987934778332e-20,1.0833182007557447e-18
209955_s_at,1.308406550019705,2.992136791387086e-20,1.4235042279139595e-18
218542_at,1.5409787299049968,3.1061077266451105e-20,1.4726254994219788e-18
203638_s_at,-1.077706905471853,3.202641961663044e-20,1.511959127791051e-18
204026_s_at,1.5749931569095708,3.44869634551096e-20,1.6212510689244877e-18
201890_at,1.6944745391301899,3.6728913116555007e-20,1.7193915356642757e-18
202222_s_at,-1.4174461247065446,3.9408109330732154e-20,1.8332586643355003e-18
222043_at,-1.858785374685433,4.4708873190780403e-20,2.0626248888409106e-18
208051_s_at,1.2167933872452492,4.4856982919668996e-20,2.065182128923521e-18
205392_s_at,-1.506625774185082,6.512905972588233e-20,2.9318602785289616e-18
204787_at,-1.5839648438990128,6.631757763340001e-20,2.9793439161392187e-18
219869_s_at,-1.6411176522554545,8.901776499412537e-20,3.94350468660854e-18
208790_s_at,-1.376159820600634,9.746009073789157e-20,4.2919035610917744e-18
218039_at,1.5922944498416634,9.971997328173875e-20,4.38276166595066e-18
202854_at,1.0083165689194225,1.0016486366177614e-19,4.393648931053854e-18
209656_s_at,-1.6478748452009153,1.1704157818700895e-19,5.11379899361004e-18
210139_s_at,-1.096072234843417,1.225802791878976e-19,5.334875705359223e-18
205414_s_at,-1.0760642657107677,1.2698067626087464e-19,5.472940830021411e-18
209773_s_at,1.4991710406238532,1.2862776588949447e-19,5.533228778601554e-18
201088_at,1.178661610768474,1.3492838563479197e-19,5.793081343160057e-18
209641_s_at,1.4251514735872624,1.4021017964481488e-19,6.0082758327411726e-18
209836_x_at,1.0282040563961985,1.4157826933826906e-19,6.055256383233492e-18
203961_at,-1.3064906085858574,1.4599164585340442e-19,6.232053342052511e-18
213664_at,-1.9370912409391297,1.498926871406641e-19,6.349921573299274e-18
200986_at,-1.189745902866644,1.5374179322491922e-19,6.500623108976992e-18
202589_at,1.4826128516220978,1.631990593826747e-19,6.887433030727539e-18
217428_s_at,2.4634749525886726,1.7375683865864672e-19,7.305327614774763e-18
204755_x_at,-1.194975496953905,1.7512968695619889e-19,7.34918044151597e-18
202992_at,-1.7755660355679108,1.8298085149593517e-19,7.635509951093489e-18
219787_s_at,1.6643268477818438,1.8488252689743798e-19,7.70044363898245e-18
201418_s_at,1.0495008384609434,1.8937069209444902e-19,7.861502653885807e-18
201004_at,1.0115042614285699,1.8945505206375617e-19,7.861502653885807e-18
205700_at,-1.6692534948919784,2.0219300907100998e-19,8.358936588366076e-18
201839_s_at,1.134511251842719,2.1069050151052106e-19,8.694104528072112e-18
218982_s_at,1.0062377522561583,2.4428691736878743e-19,1.0006333418618915e-17
201425_at,-1.002289133033777,2.562174512878946e-19,1.0456581441480137e-17
209655_s_at,-1.214524676932089,2.6134405950391497e-19,1.064630654099769e-17
204580_at,2.377324589106265,2.872949724049754e-19,1.1660826721493746e-17
205019_s_at,-1.9306720493617195,2.91135648575655e-19,1.1795228467656946e-17
202870_s_at,1.6743381674802942,3.5962943492862855e-19,1.431004053306184e-17
218883_s_at,1.4947552987519366,3.615707036420179e-19,1.4336085390133606e-17
209803_s_at,2.008462790723785,3.6338268719583967e-19,1.4382338221642798e-17
206377_at,-1.0534033000760026,4.236789824336958e-19,1.6533868240928272e-17
202552_s_at,-1.091931744219563,4.2808556636796093e-19,1.6676627054855372e-17
218974_at,-1.1675234681280786,4.3137490473041016e-19,1.6775439794254328e-17
214710_s_at,1.4712781688567933,4.876644031358278e-19,1.8767920371460536e-17
212143_s_at,1.6706523610960584,5.558881782436138e-19,2.1319890319797668e-17
201131_s_at,1.1619630916150587,6.245013796015941e-19,2.3787631182328755e-17
201496_x_at,-1.6575272639539058,6.256128032738659e-19,2.3789300504012893e-17
203821_at,-1.4235215780851505,6.487545792914276e-19,2.4585371242093337e-17
202949_s_at,1.4432364307269534,6.739697900139929e-19,2.549757017127641e-17
201843_s_at,-1.5880015739887385,7.403697103128304e-19,2.782067159342462e-17
201037_at,1.4235799712371549,7.749223543553073e-19,2.9070024953029144e-17
218625_at,-1.1962547303655873,8.80892018808951e-19,3.2769477220567375e-17
212741_at,-1.5775240420288537,9.223143619244056e-19,3.4253218211269214e-17
204042_at,-1.2222859891439137,9.350380751351545e-19,3.466797575413752e-17
218930_s_at,1.2392195189848714,1.1173042095150614e-18,4.0881592283455026e-17
202587_s_at,-1.3256450496724153,1.1323406086568017e-18,4.136384554540904e-17
204223_at,-1.109654463620691,1.293857583806181e-18,4.7032672985241645e-17
222036_s_at,1.2635510384458115,1.3317504971923687e-18,4.825267695762204e-17
37512_at,-1.9782462714035907,1.3443790634106878e-18,4.863116667204603e-17
201328_at,-1.3320512639271644,1.3652616329986361e-18,4.9306523449122544e-17
200644_at,1.0494340110981693,1.3820005885590357e-18,4.983028982987216e-17
201563_at,1.320232157359607,1.4294018611148697e-18,5.1290437473788474e-17
203256_at,1.8402256237441943,1.6265132946568897e-18,5.789711780325794e-17
202861_at,-1.088758004672414,1.6889182677188094e-18,6.00225929179876e-17
208438_s_at,-1.1254264012723443,1.7360189544617164e-18,6.159826490807392e-17
209301_at,-1.6698807976769885,1.750951009824977e-18,6.202931852453094e-17
221019_s_at,-1.1373225041653772,1.9648790985753135e-18,6.916808997401849e-17
204442_x_at,-1.499282110814569,2.037208496220071e-18,7.14883731043651e-17
213456_at,-2.292405263329348,2.0364367139848943e-18,7.14883731043651e-17
201150_s_at,-1.390554978046449,2.3674907458539534e-18,8.26877684794101e-17
220266_s_at,-1.5826255032456018,2.4153975492076976e-18,8.409734935780488e-17
220037_s_at,-1.3275414853050664,2.7902110934741937e-18,9.654390340976003e-17
204236_at,-1.1808447072251917,2.8010170954585426e-18,9.676754098930652e-17
202068_s_at,-1.3894571891259702,2.8515324791342336e-18,9.836021398227264e-17
203060_s_at,-1.4725427307821946,2.944225685933294e-18,1.014005888093533e-16
202555_s_at,-1.3026259372702302,3.1594476035751063e-18,1.0834563893941656e-16
202786_at,1.0323140712079528,3.1690593085595784e-18,1.0847334650174052e-16
201058_s_at,-1.4218197513539756,3.632613655197263e-18,1.2414958601036906e-16
202705_at,1.1139742471432097,4.109293398021388e-18,1.3958442803065639e-16
210095_s_at,1.653610219732231,4.289959548954392e-18,1.454994956306708e-16
217628_at,-1.06767667047537,5.05970852080067e-18,1.7056805592889763e-16
216623_x_at,2.311316003019,5.502310525706902e-18,1.8382006813242413e-16
219689_at,-1.5795916846622102,5.8387053090673374e-18,1.9360695000289804e-16
213668_s_at,1.259799403374033,6.012573842609807e-18,1.9907605190917436e-16
202202_s_at,-1.177093306693525,6.0705235812618725e-18,2.0069655335498265e-16
218901_at,-1.3125283055246317,6.432304985632552e-18,2.117149955610785e-16
219295_s_at,-1.5475210868251228,6.506080395806736e-18,2.135125028862467e-16
208370_s_at,-1.1942552607836028,6.643269534079534e-18,2.1737441266944825e-16
203543_s_at,-1.5216699292037301,6.968674302662343e-18,2.2702188521377923e-16
211747_s_at,1.0238433411590417,6.985934511099282e-18,2.2725193972383256e-16
211343_s_at,-1.1590903465805775,7.014397717754144e-18,2.278452249922968e-16
222162_s_at,-1.881163858079523,7.223155067217825e-18,2.336045926891361e-16
206855_s_at,-1.0536191727987347,7.300800163352821e-18,2.3570044683068784e-16
207828_s_at,1.3416688217448973,7.309114964771588e-18,2.3570044683068784e-16
204825_at,1.3636410135562986,7.635546902604952e-18,2.455164381396048e-16
214438_at,-1.0569022544968334,8.024037312737204e-18,2.5726564523701166e-16
204897_at,-1.4236003038571443,8.087679415135783e-18,2.589335638038372e-16
212538_at,-1.1885269036439148,8.18938950868109e-18,2.6181372513908276e-16
207069_s_at,-1.717381686541521,8.654103019903602e-18,2.762741799319656e-16
203485_at,-1.0856125548212532,8.744520170559382e-18,2.7876129178909116e-16
202311_s_at,2.2237682030024626,1.0893743863892475e-17,3.443195666937816e-16
204653_at,1.1059183129655183,1.2554013665499229e-17,3.9400153029340746e-16
213348_at,-1.178146819050668,1.3000576653147843e-17,4.0629992925959806e-16
210052_s_at,1.0980078606875443,1.4467374581501693e-17,4.488401540909419e-16
209616_s_at,-1.8963265627804358,1.4794753910931516e-17,4.578770852740097e-16
212386_at,-1.003414391510205,1.592529481854576e-17,4.894666819884898e-16
203753_at,-1.0306539844697404,1.596430283236759e-17,4.899897520849133e-16
204675_at,1.535190685125614,1.727664384024152e-17,5.27363636564523e-16
204767_s_at,1.0490176202178043,1.9607937900359363e-17,5.960759621196558e-16
214774_x_at,2.4379600051646717,2.0082016398677963e-17,6.09656091841609e-16
203542_s_at,-1.4036142915615795,2.029233669482238e-17,6.152029096200368e-16
219747_at,-1.5472184407304752,2.0774666279236813e-17,6.281165382635466e-16
201428_at,1.1221913786055602,2.092727296371615e-17,6.318732025074349e-16
213891_s_at,-1.0051869070330746,2.1029974842080633e-17,6.341149247714247e-16
201830_s_at,1.400379946542225,2.1757749868183555e-17,6.542887183707614e-16
219054_at,-1.0538419128075294,2.4413392345543202e-17,7.292273748468355e-16
204023_at,1.1105733310070365,2.666686360421385e-17,7.933480930476598e-16
203953_s_at,1.9082694971418004,2.7026175375108316e-17,8.018964925213563e-16
219918_s_at,1.4829959421713559,2.852716795984681e-17,8.430648324260828e-16
202856_s_at,1.3324906325028136,3.076426112713019e-17,9.03188446239581e-16
38691_s_at,-2.989549250545041,3.139559511340247e-17,9.205105867262465e-16
210559_s_at,1.3801085238420114,3.200560634851066e-17,9.347063253785886e-16
203845_at,-1.0080723017670667,3.539726779314661e-17,1.02436015355154e-15
202149_at,-1.4649922091685443,4.0022784648651595e-17,1.1507454326785851e-15
214475_x_at,-1.1384841509725563,4.0744455701638406e-17,1.166977771721862e-15
204401_at,1.0760094176294848,4.284231194427033e-17,1.2239169705822765e-15
209911_x_at,1.2938033445967605,4.6393308869414827e-17,1.3202836545813162e-15
209008_x_at,1.3425776695380023,4.705440909552817e-17,1.3373895381067018e-15
208161_s_at,1.178726824464814,4.870584086149088e-17,1.3825633782377087e-15
206331_at,-1.0704986959035896,4.9104687037160386e-17,1.3915529595661937e-15
205107_s_at,1.0940989288648826,4.914742984241773e-17,1.3915529595661937e-15
209815_at,-1.2243839685872624,5.570273571521725e-17,1.5672020958865983e-15
219134_at,-1.014164633786419,6.318623657429401e-17,1.7688177256092882e-15
209109_s_at,1.1594070928923301,6.721064600825674e-17,1.8744115456845866e-15
204320_at,1.8164795508793095,7.42530349154884e-17,2.052829251888124e-15
202345_s_at,-1.523343455923646,7.574367237060369e-17,2.091445169063398e-15
201897_s_at,1.1390594745918357,7.748895791605915e-17,2.136988179756864e-15
202668_at,-1.205682578321957,7.80995694039628e-17,2.1511652719759e-15
209714_s_at,1.210943041725896,8.402901668912709e-17,2.3002685244272957e-15
217901_at,1.3020795960541864,8.414319178004347e-17,2.300567782128477e-15
219957_at,-1.0224077621931746,8.494312126509743e-17,2.319592611703635e-15
204497_at,-1.0770250327280086,9.593458634046233e-17,2.6069638871030757e-15
203058_s_at,-1.2280951689334998,9.769528514650529e-17,2.651576174079875e-15
203362_s_at,1.4207424380372977,9.916495391928932e-17,2.688190593897231e-15
214265_at,-1.2491327822751597,1.1319661242693305e-16,3.0426539381294928e-15
201666_at,1.2950696657522869,1.222946446114293e-16,3.2753504397553835e-15
38037_at,-1.3751807304813504,1.242120860378391e-16,3.318726514605718e-15
203435_s_at,-1.1555194278240677,1.2414593315377745e-16,3.318726514605718e-15
220088_at,-1.1742900824802973,1.3009828847954907e-16,3.4552802886648292e-15
34210_at,-1.5570280462410242,1.3691493731819043e-16,3.6190694522671854e-15
203214_x_at,1.1502274304602373,1.4415150051890574e-16,3.792358779294896e-15
209447_at,-1.055712231516889,1.5006612551840364e-16,3.920191647041721e-15
208308_s_at,1.10859841402322,1.6257800572171056e-16,4.222291027385637e-15
203087_s_at,1.004943703133355,1.659344163594892e-16,4.299437906672671e-15
204081_at,-1.1344713555802244,1.6904076425781535e-16,4.37483780482799e-15
215108_x_at,1.8848928607470086,1.8114381257971528e-16,4.677204606852602e-15
220334_at,1.1144394718339186,1.9391317180160044e-16,4.9780728194182746e-15
218350_s_at,1.0880472786045043,2.0543240233197418e-16,5.267721773490657e-15
201842_s_at,-1.4022588023574958,2.1302781407221936e-16,5.456205495369269e-15
203373_at,-1.3580107144222389,2.2095657866648386e-16,5.6463021128730045e-15
202095_s_at,1.2811824561154124,2.2855072139631793e-16,5.826997396881181e-15
208961_s_at,-1.1949849157755121,2.6349899889727035e-16,6.657084118398951e-15
205960_at,-1.2734846701189317,2.6665029837423626e-16,6.729069760671694e-15
215028_at,-1.4898208347649557,2.7817507399835783e-16,7.0040397445258845e-15
203603_s_at,-1.1481407296069666,2.8569208495360377e-16,7.18518818173945e-15
202310_s_at,2.328321875919775,2.8889870199925423e-16,7.257643491149248e-15
204661_at,-1.2920888517188587,3.000565992353234e-16,7.49569641340887e-15
205316_at,-1.1104724582318806,3.909382891160203e-16,9.604496026871313e-15
206102_at,1.1972827176520067,3.9862730476863294e-16,9.782612590483973e-15
218326_s_at,1.228538622748415,4.1766398411881667e-16,1.0197989817974209e-14
214437_s_at,1.0048298707688232,4.1899379957372253e-16,1.0214922139935732e-14
214581_x_at,1.3341992505126665,4.220850548996746e-16,1.0272317987284426e-14
202014_at,-1.1384260292244885,4.750296641224867e-16,1.1455720785326158e-14
201250_s_at,1.0591177523504562,4.89199545931558e-16,1.173394346823779e-14
212224_at,-1.7918496844542569,4.97477680967577e-16,1.1868624373662226e-14
207826_s_at,-1.0829064507508814,4.974220395289107e-16,1.1868624373662226e-14
203878_s_at,1.4285393688796617,5.230594529057846e-16,1.2452279689208973e-14
222067_x_at,1.0692418460798727,5.238786570314399e-16,1.245847184058866e-14
204049_s_at,-1.2260771431382835,5.3046903300479485e-16,1.2588329565970015e-14
204641_at,1.51536540395848,5.314399871754843e-16,1.2597954504501402e-14
208650_s_at,2.087696264123154,5.922573059904626e-16,1.3950602060661183e-14
202133_at,-1.0099931628645322,6.038595306969175e-16,1.4193883884514148e-14
206101_at,-1.0331448267913448,6.722141299953382e-16,1.566835508230766e-14
201689_s_at,1.3421624471745242,6.884502812595769e-16,1.599659814109192e-14
206874_s_at,-1.0269301384461649,8.140836952166798e-16,1.868200512926187e-14
204681_s_at,-1.0248783413078808,8.16685213923943e-16,1.871246828241862e-14
204438_at,-1.5720616723754386,8.17090680733892e-16,1.871246828241862e-14
207480_s_at,-1.104891829655875,8.262788845825558e-16,1.8903462407754716e-14
212444_at,-1.1847600009306838,8.396745914311552e-16,1.9111817079530572e-14
203213_at,1.237442370442646,8.871471800240374e-16,2.0069340723325508e-14
204348_s_at,1.1586075664426456,1.018661459238292e-15,2.2812897785132526e-14
203954_x_at,1.1316636728884575,1.0241518469329707e-15,2.291282691285882e-14
209047_at,-1.8475568994707956,1.130176701479073e-15,2.518372743905818e-14
205479_s_at,1.463728273453551,1.175007677796674e-15,2.6104382935536676e-14
219836_at,-1.3076999233662914,1.235422110715709e-15,2.7334607579997768e-14
210815_s_at,-1.5220935666586906,1.2365159287635305e-15,2.7334607579997768e-14
204753_s_at,-1.1653050425285016,1.2685060539413326e-15,2.7986257821757144e-14
202575_at,1.8751963653638306,1.283734021557958e-15,2.8210498227195247e-14
37028_at,-1.071880439143209,1.3980824231013106e-15,3.042331116598291e-14
205542_at,1.5995190549919043,1.4985489457174513e-15,3.245108470109035e-14
221935_s_at,-1.0346882844468697,1.5691985035664749e-15,3.3784009908185274e-14
202404_s_at,1.7928975035446886,1.670737404705569e-15,3.5762768097074153e-14
203810_at,-1.023486826357848,1.757715304926061e-15,3.751644649393431e-14
204475_at,2.8620355760376484,1.884540198408816e-15,3.991749927865365e-14
203755_at,1.4208582613423637,1.894083463384963e-15,4.0043512158071283e-14
213936_x_at,-2.0609334594447564,2.1896024998911087e-15,4.585612077544509e-14
205798_at,-1.405299476357845,2.2106119455727855e-15,4.616594750065452e-14
219694_at,-1.0053830135767061,2.6112051834181605e-15,5.407572964879821e-14
205756_s_at,-1.1714507858205483,2.622273634219937e-15,5.42545249687306e-14
44783_s_at,-1.2445021077554532,2.6460068160610893e-15,5.4593490631749304e-14
212912_at,-1.183132188016538,2.726881141128584e-15,5.6054513346649665e-14
201852_x_at,1.953270790287121,2.9158000275154863e-15,5.95534115610702e-14
204446_s_at,-1.4471107088648818,2.9693284493819953e-15,6.053572354764776e-14
222073_at,-1.7735179949968334,3.2798470025883067e-15,6.650121088141514e-14
202150_s_at,-1.0619784263722742,3.370984369612721e-15,6.828694973461842e-14
202995_s_at,-1.442659058940885,3.5333004452158986e-15,7.138035704510052e-14
202954_at,1.2481403355102039,3.733488078813381e-15,7.528806774678603e-14
211161_s_at,1.853712562279732,4.139695636191474e-15,8.295399088242322e-14
201688_s_at,1.2134030380971144,4.386337640051135e-15,8.720791789132288e-14
207002_s_at,-1.1584426723089374,4.682305651623089e-15,9.257836453870213e-14
218839_at,-1.130946924561222,5.063999203335917e-15,9.994782484316584e-14
218309_at,-1.4495894655133714,5.997762075626471e-15,1.1733813198523676e-13
205997_at,1.0589968264092207,6.0874824514846145e-15,1.188884403277272e-13
218355_at,1.0246236577994372,6.0876771715629276e-15,1.188884403277272e-13
204073_s_at,-1.0046814936192838,7.225417447805743e-15,1.3972225258412318e-13
200965_s_at,-1.0486907790299114,8.53955008861335e-15,1.6341025278615153e-13
221729_at,1.4195945350288532,8.661090864262574e-15,1.653771103070805e-13
203764_at,1.3117875440211115,1.003460686169328e-14,1.901370278053668e-13
203951_at,-1.0343102853490507,1.0065977227562732e-14,1.9056938875257464e-13
209318_x_at,-1.2896865904697403,1.01729067510267e-14,1.9243028958669606e-13
202855_s_at,1.1747246474493336,1.1804878583189233e-14,2.217943587430065e-13
203324_s_at,-1.6652167683339183,1.3634609851418559e-14,2.5488255983150983e-13
215076_s_at,1.7205381149380745,1.442288344048967e-14,2.684921568123904e-13
203936_s_at,1.405080832067907,1.4815329513115016e-14,2.755676022877645e-13
203803_at,-1.1852350659880369,1.867214737002325e-14,3.42164029478806e-13
218960_at,1.4419624325232245,1.920259768396536e-14,3.510184447840854e-13
208335_s_at,-1.3798009778532734,1.929945214468299e-14,3.5249974765571397e-13
205290_s_at,-1.3458171910475034,1.965044151105039e-14,3.583230672591947e-13
201761_at,1.199657539371568,2.0923802949184188e-14,3.7998785747079974e-13
217356_s_at,1.006356737032723,2.1798396629111988e-14,3.9458462395329196e-13
207294_at,-1.4061455824954265,2.210269633544582e-14,3.984744194520544e-13
219250_s_at,-1.613396033767419,2.261265328256729e-14,4.0700949361506213e-13
203021_at,-1.8140605689968297,2.2750207027631843e-14,4.091548532661181e-13
211668_s_at,1.45454764315095,2.378292938685672e-14,4.25885316516841e-13
201195_s_at,1.068943886068615,2.5204534249455732e-14,4.4823035648892424e-13
208103_s_at,1.0157780486305423,2.5662795454703206e-14,4.552898655391334e-13
208079_s_at,1.1416055855953555,2.621928703720954e-14,4.640543074266403e-13
209335_at,-1.1943918004264589,2.6295314273398497e-14,4.650305459953481e-13
202674_s_at,-1.0563571613444758,2.932485021561983e-14,5.161497925392232e-13
219140_s_at,-1.4873905015728361,2.9399230187363186e-14,5.166427809660992e-13
204388_s_at,-1.019432830951791,3.035892430308349e-14,5.326676458626846e-13
204962_s_at,1.113319626899016,3.0477085500370825e-14,5.339000756326754e-13
214354_x_at,-1.742810959186139,3.077233221331954e-14,5.382259644500779e-13
218353_at,-1.256033511223082,3.182528679060717e-14,5.557702708112066e-13
202779_s_at,1.0136201456337064,3.379574084011299e-14,5.887963198907255e-13
218009_s_at,1.4104372273828307,3.746918642322111e-14,6.482343797116738e-13
210004_at,-1.5639229795640386,3.930957495840539e-14,6.779684665620335e-13
214290_s_at,1.410835629862774,3.949858171113331e-14,6.801753448757214e-13
203074_at,-1.1372303089035878,4.280337120244717e-14,7.319934923285728e-13
208228_s_at,-1.1477381203926802,5.255856107274248e-14,8.879169191690073e-13
214770_at,-1.2949317229799426,5.4942877618751795e-14,9.267919318536306e-13
211737_x_at,-1.0742165309714986,5.6240540160546005e-14,9.458173255829785e-13
205624_at,-1.3545077055035168,5.759498508012209e-14,9.664074190815969e-13
212192_at,-1.0098622881052073,6.036377703127367e-14,1.0083103775021523e-12
204444_at,1.0299369814739627,6.62161666247442e-14,1.1019378946222368e-12
204048_s_at,-1.005498260678042,8.192941956740989e-14,1.349322436231038e-12
207808_s_at,-1.168327369118579,8.846294303539694e-14,1.4494262938659926e-12
205242_at,2.054309123712879,1.0616678905259615e-13,1.721771878063319e-12
213506_at,1.2243194176002818,1.3133343206654934e-13,2.102372749094051e-12
204638_at,-1.1313379368318088,1.370559206124918e-13,2.1892595548445554e-12
266_s_at,1.4910793297072482,1.486156611327457e-13,2.362056189030651e-12
202619_s_at,1.3253142574116827,1.6718092798011345e-13,2.645804416321639e-12
207519_at,-1.5721430509387755,1.74473459220087e-13,2.7494993577094756e-12
203910_at,-1.050652839133356,1.817302625367546e-13,2.8497504856484886e-12
219737_s_at,-1.098411066612245,2.0153059091185556e-13,3.1381594390558194e-12
219118_at,1.0787799251636194,2.1461120507090677e-13,3.328946833167946e-12
200806_s_at,1.082007574905699,2.1861668392273926e-13,3.3852922639683107e-12
218280_x_at,1.295616674131245,2.2620866203604554e-13,3.497992793996671e-12
216379_x_at,1.4780871736608017,2.2794081403911625e-13,3.5174550964221795e-12
209369_at,-1.4699889689408874,2.381599257325556e-13,3.6523865279411816e-12
221911_at,-1.3816413552463054,2.406987251295227e-13,3.688782456713311e-12
209687_at,-1.310467768166431,2.9316131614657573e-13,4.446911918103572e-12
205462_s_at,-1.027749322554187,3.041267072807282e-13,4.603841996152491e-12
209771_x_at,1.4035710542054876,3.0394907272467014e-13,4.603841996152491e-12
209031_at,-1.4230905693947893,3.1046088747787037e-13,4.691103116219918e-12
213006_at,-1.1371418700299092,3.174417636640443e-13,4.7891366416559905e-12
205654_at,-1.6424514518335656,3.6172345026806707e-13,5.402334880913766e-12
209498_at,1.01110664239057,3.734496534422123e-13,5.5737298242818604e-12
201531_at,-1.1500862913620722,4.030636314213319e-13,5.987644599307692e-12
203186_s_at,-1.1681877373550318,4.159186000034398e-13,6.1580825009147165e-12
202768_at,-2.252872714274103,4.342448147894549e-13,6.416629448244976e-12
221031_s_at,-1.3584744003170313,4.3782844543471394e-13,6.465295725395448e-12
218730_s_at,-1.0308904506864893,4.5136036853733665e-13,6.643106401662795e-12
213110_s_at,-1.0161709476108367,4.529072661477564e-13,6.661473671003601e-12
212950_at,-1.5104741090059832,5.281434106290084e-13,7.646926328165169e-12
217744_s_at,1.132388989880365,5.329204708832219e-13,7.711082371877166e-12
204822_at,1.1516243828486976,5.851679797247517e-13,8.412450382068803e-12
209642_at,1.002619002399717,5.920860905797917e-13,8.50093708530251e-12
210827_s_at,1.003402291263546,5.930311727225518e-13,8.509023581311412e-12
204285_s_at,1.4924346879535566,6.801786018624227e-13,9.64762557944008e-12
211416_x_at,-1.1162730656815611,6.849789359405085e-13,9.709532843233047e-12
207574_s_at,-1.1889396398782548,7.505760916868689e-13,1.0585498133581329e-11
210869_s_at,-1.0233502314820537,7.96121118422042e-13,1.1199474041539368e-11
204619_s_at,1.1284725290988744,8.052011320110437e-13,1.131292359684873e-11
205289_at,-1.2713818139722033,8.314701692400521e-13,1.1623368746032673e-11
202342_s_at,1.1520721968574952,8.925313656884127e-13,1.2430172763521812e-11
208651_x_at,1.3011395758057684,9.011490335475464e-13,1.2534521794344555e-11
219681_s_at,-1.013787348565094,9.18287305349489e-13,1.2764938256458307e-11
201650_at,1.3498342075422247,9.687816016304151e-13,1.3416631714810777e-11
215646_s_at,1.4483352678698083,1.0554631403797772e-12,1.4508874248662909e-11
214247_s_at,-1.2453782607093604,1.0862686288063528e-12,1.491393952907699e-11
204567_s_at,-1.0191669655872637,1.0924560359670464e-12,1.4989653848185773e-11
206239_s_at,2.7583995175429292,1.0998731754732829e-12,1.5082137827120714e-11
201041_s_at,-1.0746593166991598,1.1039789753399526e-12,1.5129128848401082e-11
221884_at,-1.0582730701643186,1.1074680585862933e-12,1.5167615703428626e-11
208767_s_at,1.1134999649106252,1.1090665391947736e-12,1.5180177944027727e-11
217023_x_at,-1.3296140554493316,1.355107220750749e-12,1.835293653427209e-11
210067_at,-1.3613335779215356,1.4065992806639533e-12,1.898440446458805e-11
216474_x_at,-1.5679749388409583,1.4271193177290682e-12,1.9203200336326585e-11
212325_at,-1.029336396934906,1.5207160502273385e-12,2.0388757970647283e-11
211571_s_at,1.553986509383181,1.5558840525846288e-12,2.0797699066432683e-11
203962_s_at,-1.3781312532980294,1.6717414541271009e-12,2.21998896438106e-11
205683_x_at,-1.6258904167178052,1.6774567994772356e-12,2.2249267775447164e-11
210519_s_at,1.5594664950503159,2.1215012004911672e-12,2.772634090941037e-11
213067_at,-1.3481469880038714,2.4771721026315746e-12,3.211100986791121e-11
207542_s_at,-1.3128838522174515,2.5790135256362194e-12,3.3334198603104334e-11
214366_s_at,-1.0192999648631256,2.578183896846259e-12,3.3334198603104334e-11
207134_x_at,-1.5989154340714293,2.718983978510734e-12,3.504171196827917e-11
33322_i_at,1.033732240084447,2.833930332431165e-12,3.645985542584506e-11
201884_at,2.285406718824772,3.0173220956978622e-12,3.872983194610338e-11
218995_s_at,-1.199313560986278,3.1975716466907507e-12,4.083179885570773e-11
203881_s_at,-1.0019897834532019,3.3574659072295633e-12,4.2751093034740777e-11
208960_s_at,-1.0295709681537666,3.386038048848243e-12,4.306568826625879e-11
200606_at,1.6496139261045055,3.647908010907795e-12,4.6106825982449456e-11
213071_at,-1.1312781068187885,3.692977729947089e-12,4.662358229824985e-11
203108_at,-1.053358176805773,3.720628874957301e-12,4.6919509462746767e-11
219117_s_at,1.0614066197276575,3.9371421794867015e-12,4.950978509339852e-11
203889_at,1.3388544142392673,3.971980557489162e-12,4.991970826989904e-11
221730_at,1.543721798041874,4.1410306552402014e-12,5.183965510714461e-11
218976_at,1.3384724985320187,4.2419857616125444e-12,5.2984399510096596e-11
210809_s_at,1.3202868947417308,4.968939550394257e-12,6.1206677723292e-11
219476_at,-1.3637099702146376,5.030860478839672e-12,6.193517350827869e-11
202350_s_at,-1.0630441479588324,5.291461991617963e-12,6.485679183675636e-11
212951_at,-1.2292376056386338,5.684364381607411e-12,6.940531041937421e-11
201467_s_at,1.391985825408515,5.789656955557146e-12,7.053631817423722e-11
221731_x_at,1.1648989769876863,6.195418626866306e-12,7.498778558525905e-11
203358_s_at,1.0106238252508817,6.333308988728337e-12,7.644914636827385e-11
205499_at,1.0236080798698088,6.883623558110669e-12,8.251091110563746e-11
208937_s_at,-1.242673633792048,7.559838090407423e-12,8.974740126187993e-11
212489_at,1.217390847105209,8.965549038480916e-12,1.0525781307927831e-10
213817_at,-1.019724232286067,8.962766425418433e-12,1.0525781307927831e-10
209596_at,1.0072978904841658,9.526755225111264e-12,1.1137706541508621e-10
209071_s_at,-1.005993961143206,1.0199293058162449e-11,1.1868231412949182e-10
221796_at,-1.5041141061766377,1.0582958417605112e-11,1.2295102315927774e-10
208029_s_at,1.0650317217994374,1.153457424500532e-11,1.3338086035363443e-10
209260_at,1.0453417829887401,1.259487822468937e-11,1.448898665362691e-10
204033_at,1.1037443647146388,1.3173685320215864e-11,1.5115820287866636e-10
209696_at,-1.2510153311769887,1.3499481343600299e-11,1.5430829593927815e-10
221577_x_at,1.6617342842878235,1.392780687137973e-11,1.589110704121631e-10
204162_at,1.013191798992258,1.411416175445959e-11,1.6087256592052328e-10
203819_s_at,1.7042931516389874,1.495581417322258e-11,1.695119060131835e-10
202688_at,-1.1481622907603803,1.5008882457333377e-11,1.7002690787837297e-10
219508_at,1.1146499288511622,1.64113135415138e-11,1.846003531779667e-10
204620_s_at,1.1696810720749475,1.9558510855004856e-11,2.1693494145449139e-10
220057_at,1.845646251108728,1.98933010766592e-11,2.2042885524176874e-10
210084_x_at,-1.4628814548328641,2.1051349502362578e-11,2.3210649231130397e-10
201943_s_at,1.0878574008969029,2.2151601472576526e-11,2.4327458630528473e-10
205713_s_at,1.3370194262800865,2.6714271609480906e-11,2.898121296368369e-10
211896_s_at,-1.116854645670303,2.6822937696737616e-11,2.9084940179873686e-10
201468_s_at,1.2430798922593258,3.118399159487283e-11,3.343950359521421e-10
206632_s_at,1.1631153935095,3.287357256672121e-11,3.511609863395248e-10
207850_at,-1.487908083053484,3.684491707763109e-11,3.902163912741699e-10
210066_s_at,-1.045346578113299,4.4470755613768854e-11,4.6437074070904176e-10
209772_s_at,1.0727678235774105,4.541422446971399e-11,4.731019933887971e-10
220393_at,1.3655208603374387,4.740102754278111e-11,4.933382049209676e-10
204122_at,-1.0811411960601696,5.262824594440214e-11,5.439309853335403e-10
212488_at,1.131542578195285,5.845074315943914e-11,6.007647185524827e-10
203820_s_at,1.5488930359028856,6.798439575274627e-11,6.91102322335057e-10
202340_x_at,-1.1580160592044333,8.315504459438009e-11,8.32035859315928e-10
204437_s_at,-1.4261712786833236,8.765617576656583e-11,8.719832877707082e-10
205890_s_at,1.416000329569668,8.981364953332172e-11,8.91852741778524e-10
202669_s_at,-1.211395064760029,9.166782768263536e-11,9.086451086530978e-10
211650_x_at,1.2432758247881779,1.0313716023154488e-10,1.0151387903556685e-09
204286_s_at,1.1618431484672769,1.0782615143027326e-10,1.0556635027771437e-09
215382_x_at,-1.487303869965869,1.092494242992497e-10,1.066785679956258e-09
219148_at,1.2675008410784656,1.0983120468751161e-10,1.0715274667477326e-09
210119_at,-1.1474212982484158,1.1782289471127316e-10,1.1434876144822734e-09
218835_at,-1.8358061275443323,1.205203889780302e-10,1.16712552264122e-09
204734_at,1.815511742589373,1.2123136038606284e-10,1.1735006096796863e-09
203892_at,1.0576129203391993,1.2396462458205304e-10,1.198396411957435e-09
202687_s_at,-1.0482436455348356,1.3412591966710042e-10,1.289356284703192e-09
204351_at,2.1665166269067555,1.3607190591425785e-10,1.3063723737558844e-09
203914_x_at,-1.4648402080052758,1.387920236493786e-10,1.3296228129746791e-09
209644_x_at,1.0199512206720636,1.5345799649240515e-10,1.461951490312212e-09
209173_at,1.4733651729556652,1.7512783877940493e-10,1.6479618376357601e-09
209631_s_at,1.1968787968008447,1.7630934112910703e-10,1.6576797672488995e-09
205725_at,-2.7574229385608735,1.887925807307855e-10,1.7616687924724008e-09
211548_s_at,-1.7459682777466563,1.9956553795028266e-10,1.8505696554915307e-09
222303_at,-1.0071991900689632,2.428040831314705e-10,2.2182875704873135e-09
220196_at,1.3942581244855736,2.5443202975296e-10,2.3131411338168942e-09
36711_at,-1.1703249221294865,2.6128161280460895e-10,2.3676853103396103e-09
212382_at,-1.0433673691537653,2.9571207510684045e-10,2.651650772477153e-09
216557_x_at,1.2861042087160452,2.9676044937396495e-10,2.6599811316975306e-09
204959_at,-1.0003763041562292,3.012760324079585e-10,2.6982853015058438e-09
211798_x_at,1.336274811449334,3.154611371833797e-10,2.8185326863902363e-09
213895_at,-1.0027766821470783,3.2377494879687333e-10,2.8870256838898473e-09
212992_at,1.481607207268472,3.2776408398942053e-10,2.9146850996003093e-09
216510_x_at,1.5232384567244903,3.8657037468350587e-10,3.4060686670907715e-09
206023_at,1.405858832758975,4.3153394146457506e-10,3.778338238764293e-09
205898_at,-1.0081753435197056,4.4281610873350513e-10,3.869518176826939e-09
217281_x_at,1.2014912766984507,4.545875291605045e-10,3.967714027529778e-09
218888_s_at,1.0019097219820559,4.884520348272611e-10,4.231794981359198e-09
211881_x_at,1.234910325090075,4.886551197113526e-10,4.2319090682192265e-09
207741_x_at,-1.1995965541998608,6.099209681062954e-10,5.2112227501198545e-09
211635_x_at,1.3139830290186492,6.190903648260399e-10,5.285513639624003e-09
203372_s_at,-1.1634025857969723,6.681695612937735e-10,5.67842194290967e-09
204174_at,-1.1571893208494028,7.035638144210836e-10,5.945207613479335e-09
209030_s_at,-1.0738662241586905,7.331711258201901e-10,6.178990997220611e-09
211634_x_at,1.4381303345745948,8.353238924638803e-10,6.9557258205428426e-09
204268_at,1.8739863562068964,8.701203187948819e-10,7.231962351251903e-09
215447_at,-1.1014226639539082,9.084633028300426e-10,7.517002516510152e-09
216491_x_at,1.5615165101403967,9.261938519436172e-10,7.652346163462967e-09
207526_s_at,-1.5570309438054206,9.615549976845324e-10,7.921009247099608e-09
201942_s_at,1.1080739245478526,1.2506638522243911e-09,1.0068115108062177e-08
209959_at,-1.0225103144978895,1.446621117120217e-09,1.1541374275971999e-08
209774_x_at,-1.6619455246298358,1.454967030502766e-09,1.159965307359325e-08
212451_at,-1.08633200462421,1.5883128790050716e-09,1.2590670893941662e-08
205229_s_at,1.0067551864215343,1.6483427474012613e-09,1.3049375070355305e-08
209396_s_at,1.264262095378605,1.9227950413523082e-09,1.504940003739146e-08
202357_s_at,1.0211354650263882,2.0142882038490363e-09,1.5699329851825138e-08
217480_x_at,1.203543261586205,2.0432429854258905e-09,1.590831007835259e-08
211644_x_at,1.5603280324408875,2.1141247960093126e-09,1.642002189943378e-08
209921_at,1.284455602884588,2.1493998904315994e-09,1.66765591081084e-08
211643_x_at,1.3394966496791003,2.659075798272551e-09,2.032442351470338e-08
216560_x_at,1.257505655500351,2.8707805664046154e-09,2.1773180177397565e-08
202923_s_at,1.189598141176635,3.463664237223282e-09,2.584756537108051e-08
206224_at,1.0808918822202669,3.560223292205337e-09,2.6523723042531434e-08
211430_s_at,1.15074780919071,3.6545750821978776e-09,2.7135920212134392e-08
205466_s_at,1.087227453268473,6.48474227941977e-09,4.609234839308158e-08
219936_s_at,1.3110007373954966,7.638859895565569e-09,5.3645356146513574e-08
221795_at,-1.0694327613564383,8.388341234913739e-09,5.833876645991974e-08
214916_x_at,1.0937311890608736,8.459860158106481e-09,5.8781123761486343e-08
213094_at,-1.018273909716397,8.616226846009564e-09,5.975579919378497e-08
204463_s_at,-1.0101571427769196,8.703175823958754e-09,6.030250835984854e-08
211637_x_at,1.3031259488209006,8.826701854325874e-09,6.102556544211711e-08
214768_x_at,1.4182140239349064,1.1425386161643402e-08,7.773797857706869e-08
209395_at,1.2048841281217477,1.2103911127484964e-08,8.192935955460129e-08
217148_x_at,1.2494497727600287,1.309182380450982e-08,8.810785558317496e-08
206754_s_at,-1.303966851877199,1.4746805779977237e-08,9.82370921360935e-08
217378_x_at,1.2626254391249123,1.523472999034525e-08,1.0139650190408102e-07
216576_x_at,1.4493843479123854,1.526441213261635e-08,1.015637191851568e-07
217258_x_at,1.1504578055858543,1.6549695031631924e-08,1.0962451081743583e-07
216401_x_at,1.2640983734521445,2.0748834311134127e-08,1.3550594224941435e-07
201925_s_at,-1.031794284340254,2.0767443604965928e-08,1.3558773684425895e-07
216853_x_at,1.090598119213583,2.0834628702145697e-08,1.3582739361319853e-07
201645_at,1.1298516879134421,2.7239039319094456e-08,1.7391619287890597e-07
211645_x_at,1.5409319352290662,2.7351012930898035e-08,1.745311057099659e-07
205174_s_at,1.0476392298096409,2.8956356930158136e-08,1.8382749329763926e-07
202672_s_at,-1.3735341798877538,3.168706435481931e-08,1.9996682385115792e-07
217227_x_at,1.0328876198434216,3.5385599071399515e-08,2.214880067719088e-07
216207_x_at,1.1216337134229413,4.01293865297877e-08,2.488044296169336e-07
205267_at,1.2423982990014073,4.037630066373388e-08,2.501960811151229e-07
208792_s_at,-1.1298210668750883,4.793862883750852e-08,2.932243937376345e-07
202953_at,-1.0102796466417967,4.827368757227629e-08,2.949708922683335e-07
210145_at,1.2399816764785365,4.966335823138567e-08,3.029424066438453e-07
214777_at,1.5659097369011228,5.4180839811499557e-08,3.281629936177343e-07
204540_at,1.4218126473976076,5.924766886874441e-08,3.561413017000894e-07
217179_x_at,1.1044773990714276,6.818943431728508e-08,4.058400547254443e-07
209810_at,-1.3280943867477113,8.276425754283269e-08,4.850699502438035e-07
216984_x_at,1.040365926700563,9.846545161389143e-08,5.715305179245487e-07
214973_x_at,1.081863816698803,1.0138431499325119e-07,5.866389745506664e-07
208250_s_at,-1.170829037228712,1.04702350709616e-07,6.047442806586609e-07
37004_at,-1.2861562070957042,1.142274345453945e-07,6.556748902563178e-07
201693_s_at,-1.0480314166227984,1.2658358025159063e-07,7.219508366383911e-07
208791_at,-1.034643860913791,1.3129145685920915e-07,7.466992172521076e-07
215176_x_at,1.352148076209005,1.550576418946885e-07,8.700579436967716e-07
215214_at,1.3224729736692469,2.0651526439686162e-07,1.1323276664752134e-06
204259_at,1.2688205347163954,2.1082915210106806e-07,1.1534264660614043e-06
209101_at,-1.0400857882807895,2.1490400504845634e-07,1.1737024373761647e-06
218002_s_at,1.4608530237762158,3.0248956847500795e-07,1.607147127879972e-06
220431_at,1.0039032491833213,3.4428396774105393e-07,1.8162120391036707e-06
205549_at,1.1947449066498939,4.3723531747169705e-07,2.2563489067211266e-06
206884_s_at,-1.1436103640380022,5.204749489259065e-07,2.6490962281671938e-06
205513_at,1.0147423779176634,6.440549032825883e-07,3.2243260862381295e-06
217109_at,1.3401421298332155,8.550379964123708e-07,4.198504115041176e-06
206504_at,1.0761761969176638,8.915585680485136e-07,4.354800432228196e-06
217110_s_at,1.1876103022487694,1.2160079705936492e-06,5.791046293810277e-06
204622_x_at,-1.0255517015341313,2.0463974752704486e-06,9.309896884738955e-06
202718_at,1.0536513172902886,2.237450719501757e-06,1.0100711990003577e-05
209277_at,1.1167091731861367,2.3927427398830955e-06,1.0740831279777402e-05
204621_s_at,-1.0694324491586897,2.721966468044898e-06,1.2104086770593587e-05
209189_at,-1.1168311955928925,2.8825743119669388e-06,1.2736942969176938e-05
212531_at,1.1854552520482056,5.184982455618927e-06,2.200704077305839e-05
209278_s_at,1.3675760445686151,5.672286998393827e-06,2.3938555148713946e-05
216248_s_at,-1.1051806385816336,7.775275184720457e-06,3.208452906317147e-05
205207_at,-1.1035846228909207,1.0517523874025814e-05,4.2518502265043035e-05
213432_at,1.2107665285943003,2.248864352327235e-05,8.561668266343377e-05
203913_s_at,-1.0332848277484166,3.302742112189084e-05,0.00012263789782687777
209374_s_at,1.1459704066027463,4.748817055446341e-05,0.00017144829949207845
214612_x_at,1.2455403830672083,6.823488229754581e-05,0.0002394830496513173
209942_x_at,1.1428546390140752,9.546205518686524e-05,0.00032580502002280874
